CZAS	TEMP_SONDA	TEMP_POMIESZCZENIE	TEMP_ESP32	REG_VL	REG_Alarm_1	REG_Alarm_2	REG_Alarm_3	REG_HMI_D1_ERROR	REG_HMI_D2_ERROR	pusty	REG_HMI_D3_ERROR	REG_MaxDS_1	REG_MinDS_1	REG_MaxDS_2	REG_MinDS_2	REG_MaxDS_3	REG_MinDS_3	REG_IleCzujnikow	REG_Alarm_VL	REG_IleDetali	REG_VLMaxPomiar	REG_VLMinPomiar	REG_MaxAnalowgowyOdczyt	REG_MaxOdczytFiltr	REG_PrzekroczenieWartosc	REG_MaxAlarm
19:04:44	2756	2525	2306	184	0	0	0	0	0	0	0	2762	2750	2525	2506	2318	2306	3	0	1	196	178	1599	62	108	0	
19:04:45	2756	2525	2306	184	0	0	0	0	0	0	0	2762	2750	2525	2506	2318	2306	3	0	1	196	178	0	1661	109	1	
19:04:46	2756	2525	2306	182	0	0	0	0	0	0	0	2762	2750	2525	2506	2318	2306	3	0	1	196	178	1622	39	110	0	
19:04:47	2756	2525	2306	185	0	0	0	0	0	0	0	2762	2750	2525	2506	2318	2306	3	0	1	196	178	1347	314	110	0	
19:04:48	2756	2518	2306	184	0	0	0	0	0	0	0	2762	2750	2525	2506	2318	2306	3	0	1	196	178	1430	231	111	0	
19:04:49	2762	2525	2306	184	0	0	0	0	0	0	0	2762	2750	2525	2506	2318	2306	3	0	1	196	178	1683	22	112	0	
19:04:50	2756	2518	2306	183	0	0	0	0	0	0	0	2762	2750	2525	2506	2318	2306	3	0	1	196	178	1782	121	113	0	
19:04:51	2756	2525	2306	182	0	0	0	0	0	0	0	2762	2750	2525	2506	2318	2306	3	0	1	196	178	1599	62	114	0	
19:04:52	2762	2518	2306	184	0	0	0	0	0	0	0	2762	2750	2525	2506	2318	2306	3	0	1	196	178	1599	62	115	0	
19:04:53	2762	2525	2306	185	0	0	0	0	0	0	0	2762	2750	2525	2506	2318	2306	3	0	1	196	178	1691	30	115	0	
19:04:54	2762	2525	2306	183	0	0	0	0	0	0	0	2762	2750	2525	2506	2318	2306	3	0	1	196	178	1507	154	117	0	
19:04:55	2756	2525	2306	184	0	0	0	0	0	0	0	2762	2750	2525	2506	2318	2306	3	0	1	196	178	1444	217	118	0	
19:04:57	2762	2525	2306	183	0	0	0	0	0	0	0	2762	2750	2525	2506	2318	2306	3	0	1	196	178	1811	150	118	0	
19:04:58	2756	2525	2306	184	0	0	0	0	0	0	0	2762	2750	2525	2506	2318	2306	3	0	1	196	178	0	1661	118	1	
19:04:59	2762	2525	2306	183	0	0	0	0	0	0	0	2762	2750	2525	2506	2318	2306	3	0	1	196	178	194	1467	119	0	
19:05:00	2762	2525	2306	183	0	0	0	0	0	0	0	2762	2750	2525	2506	2318	2306	3	0	1	196	178	0	1661	120	1	
19:05:01	2762	2525	2306	183	0	0	0	0	0	0	0	2762	2750	2525	2506	2318	2306	3	0	1	196	178	1421	240	120	0	
19:05:02	2762	2518	2306	182	0	0	0	0	0	0	0	2762	2750	2525	2506	2318	2306	3	0	1	196	178	1655	6	120	0	
19:05:03	2762	2525	2312	183	0	0	0	0	0	0	0	2762	2750	2525	2506	2318	2306	3	0	1	196	178	1485	176	120	0	
19:05:04	2762	2525	2312	184	0	0	0	0	0	0	0	2762	2750	2525	2506	2318	2306	3	0	1	196	178	1816	155	120	0	
19:05:05	2756	2518	2312	183	0	0	0	0	0	0	0	2762	2750	2525	2506	2318	2306	3	0	1	196	178	0	1661	122	1	
19:05:06	2762	2518	2312	198	0	0	0	0	0	0	0	2762	2750	2525	2506	2318	2306	3	0	1	198	178	1597	64	123	0	
19:05:07	2756	2525	2312	183	0	0	0	0	0	0	0	2762	2750	2525	2506	2318	2306	3	0	1	198	178	1488	173	123	0	
19:05:08	2756	2525	2312	184	0	0	0	0	0	0	0	2762	2750	2525	2506	2318	2306	3	0	1	198	178	1856	195	124	0	
19:05:09	2762	2525	2312	183	0	0	0	0	0	0	0	2762	2750	2525	2506	2318	2306	3	0	1	198	178	1467	194	126	0	
19:05:10	2756	2518	2312	182	0	0	0	0	0	0	0	2762	2750	2525	2506	2318	2306	3	0	1	198	178	595	1066	127	0	
19:05:11	2762	2525	2312	183	0	0	0	0	0	0	0	2762	2750	2525	2506	2318	2306	3	0	1	198	178	1584	77	127	0	
19:05:12	2762	2525	2312	182	0	0	0	0	0	0	0	2762	2750	2525	2506	2318	2306	3	0	1	198	178	0	1661	128	1	
19:05:13	2762	2525	2312	184	0	0	0	0	0	0	0	2762	2750	2525	2506	2318	2306	3	0	1	198	178	1620	41	129	0	
19:05:14	2762	2525	2312	183	0	0	0	0	0	0	0	2762	2750	2525	2506	2318	2306	3	0	1	198	178	1811	150	131	0	
19:05:15	2756	2525	2312	184	0	0	0	0	0	0	0	2762	2750	2525	2506	2318	2306	3	0	1	198	178	1571	90	131	0	
19:05:16	2762	2525	2312	184	0	0	0	0	0	0	0	2762	2750	2525	2506	2318	2306	3	0	1	198	178	1772	111	131	0	
19:05:17	2762	2525	2312	183	0	0	0	0	0	0	0	2762	2750	2525	2506	2318	2306	3	0	1	198	178	1521	140	131	0	
19:05:18	2762	2525	2312	184	0	0	0	0	0	0	0	2762	2750	2525	2506	2318	2306	3	0	1	198	178	799	862	133	0	
19:05:19	2762	2525	2312	183	0	0	0	0	0	0	0	2762	2750	2525	2506	2318	2306	3	0	1	198	178	2672	1011	133	0	
19:05:20	2762	2525	2312	183	0	0	0	0	0	0	0	2762	2750	2525	2506	2318	2306	3	0	1	198	178	1527	134	135	0	
19:05:21	2762	2525	2312	184	0	0	0	0	0	0	0	2762	2750	2525	2506	2318	2306	3	0	1	198	178	0	1661	136	1	
19:05:22	2762	2525	2312	183	0	0	0	0	0	0	0	2762	2750	2525	2506	2318	2306	3	0	1	198	178	1531	130	137	0	
19:05:23	2762	2525	2312	183	0	0	0	0	0	0	0	2762	2750	2525	2506	2318	2306	3	0	1	198	178	1739	78	138	0	
19:05:25	2762	2525	2312	183	0	0	0	0	0	0	0	2762	2750	2525	2506	2318	2306	3	0	1	198	178	1499	162	138	0	
19:05:26	2762	2531	2312	184	0	0	0	0	0	0	0	2762	2750	2531	2506	2318	2306	3	0	1	198	178	1641	20	140	0	
19:05:27	2762	2525	2312	182	0	0	0	0	0	0	0	2762	2750	2531	2506	2318	2306	3	0	1	198	178	1521	140	140	0	
19:05:28	2762	2525	2312	182	0	0	0	0	0	0	0	2762	2750	2531	2506	2318	2306	3	0	1	198	178	1535	126	141	0	
19:05:29	2762	2531	2312	182	0	0	0	0	0	0	0	2762	2750	2531	2506	2318	2306	3	0	1	198	178	1709	48	141	0	
19:05:30	2762	2525	2312	181	0	0	0	0	0	0	0	2762	2750	2531	2506	2318	2306	3	0	1	198	178	1378	283	142	0	
19:05:31	2762	2525	2312	182	0	0	0	0	0	0	0	2762	2750	2531	2506	2318	2306	3	0	1	198	178	1565	96	144	0	
19:05:32	2762	2525	2312	181	0	0	0	0	0	0	0	2762	2750	2531	2506	2318	2306	3	0	1	198	178	1652	9	145	0	
19:05:33	2762	2531	2312	183	0	0	0	0	0	0	0	2762	2750	2531	2506	2318	2306	3	0	1	198	178	1680	19	147	0	
19:05:34	2762	2525	2312	183	0	0	0	0	0	0	0	2762	2750	2531	2506	2318	2306	3	0	1	198	178	1535	126	149	0	
19:05:35	2762	2525	2312	182	0	0	0	0	0	0	0	2762	2750	2531	2506	2318	2306	3	0	1	198	178	1665	4	150	0	
19:05:36	2762	2531	2312	183	0	0	0	0	0	0	0	2762	2750	2531	2506	2318	2306	3	0	1	198	178	0	1661	151	1	
19:05:37	2762	2531	2312	182	0	0	0	0	0	0	0	2762	2750	2531	2506	2318	2306	3	0	1	198	178	1588	73	152	0	
19:05:38	2762	2531	2312	182	0	0	0	0	0	0	0	2762	2750	2531	2506	2318	2306	3	0	1	198	178	1787	126	152	0	
19:05:39	2762	2525	2312	184	0	0	0	0	0	0	0	2762	2750	2531	2506	2318	2306	3	0	1	198	178	1616	45	154	0	
19:05:40	2762	2525	2312	183	0	0	0	0	0	0	0	2762	2750	2531	2506	2318	2306	3	0	1	198	178	1405	256	154	0	
19:05:41	2762	2525	2312	183	0	0	0	0	0	0	0	2762	2750	2531	2506	2318	2306	3	0	1	198	178	1498	163	155	0	
19:05:42	2762	2531	2312	182	0	0	0	0	0	0	0	2762	2750	2531	2506	2318	2306	3	0	1	198	178	1766	105	155	0	
19:05:43	2762	2531	2312	182	0	0	0	0	0	0	0	2762	2750	2531	2506	2318	2306	3	0	1	198	178	1883	222	156	0	
19:05:44	2762	2525	2318	183	0	0	0	0	0	0	0	2762	2750	2531	2506	2318	2306	3	0	1	198	178	1889	228	157	0	
19:05:45	2762	2525	2318	183	0	0	0	0	0	0	0	2762	2750	2531	2506	2318	2306	3	0	1	198	178	1519	142	157	0	
19:05:46	2762	2531	2318	183	0	0	0	0	0	0	0	2762	2750	2531	2506	2318	2306	3	0	1	198	178	1761	100	157	0	
19:05:47	2768	2525	2318	182	0	0	0	0	0	0	0	2768	2750	2531	2506	2318	2306	3	0	1	198	178	1776	115	158	0	
19:05:48	2762	2531	2318	183	0	0	0	0	0	0	0	2768	2750	2531	2506	2318	2306	3	0	1	198	178	0	1661	158	1	
19:05:49	2762	2531	2318	184	0	0	0	0	0	0	0	2768	2750	2531	2506	2318	2306	3	0	1	198	178	1511	150	159	0	
19:05:50	2768	2531	2318	183	0	0	0	0	0	0	0	2768	2750	2531	2506	2318	2306	3	0	1	198	178	1616	45	161	0	
19:05:51	2762	2525	2318	183	0	0	0	0	0	0	0	2768	2750	2531	2506	2318	2306	3	0	1	198	178	1799	138	162	0	
19:05:53	2762	2531	2318	183	0	0	0	0	0	0	0	2768	2750	2531	2506	2318	2306	3	0	1	198	178	1595	66	162	0	
19:05:54	2768	2531	2318	182	0	0	0	0	0	0	0	2768	2750	2531	2506	2318	2306	3	0	1	198	178	1535	126	162	0	
19:05:55	2768	2531	2318	182	0	0	0	0	0	0	0	2768	2750	2531	2506	2318	2306	3	0	1	198	178	1569	92	162	0	
19:05:56	2762	2531	2318	182	0	0	0	0	0	0	0	2768	2750	2531	2506	2318	2306	3	0	1	198	178	1558	103	164	0	
19:05:57	2762	2531	2318	183	0	0	0	0	0	0	0	2768	2750	2531	2506	2318	2306	3	0	1	198	178	973	688	164	0	
19:05:58	2768	2531	2318	182	0	0	0	0	0	0	0	2768	2750	2531	2506	2318	2306	3	0	1	198	178	1401	260	164	0	
19:05:59	2768	2531	2318	183	0	0	0	0	0	0	0	2768	2750	2531	2506	2318	2306	3	0	1	198	178	162	1499	164	0	
19:06:00	2768	2531	2325	183	0	0	0	0	0	0	0	2768	2750	2531	2506	2325	2306	3	0	1	198	178	1535	126	165	0	
19:06:01	2768	2531	2325	182	0	0	0	0	0	0	0	2768	2750	2531	2506	2325	2306	3	0	1	198	178	2125	464	167	0	
19:06:02	2762	2531	2325	182	0	0	0	0	0	0	0	2768	2750	2531	2506	2325	2306	3	0	1	198	178	1591	70	167	0	
19:06:03	2768	2531	2325	183	0	0	0	0	0	0	0	2768	2750	2531	2506	2325	2306	3	0	1	198	178	1568	93	167	0	
19:06:04	2768	2531	2325	183	0	0	0	0	0	0	0	2768	2750	2531	2506	2325	2306	3	0	1	198	178	1615	46	168	0	
19:06:05	2768	2531	2325	182	0	0	0	0	0	0	0	2768	2750	2531	2506	2325	2306	3	0	1	198	178	0	1661	169	1	
19:06:06	2768	2531	2325	183	0	0	0	0	0	0	0	2768	2750	2531	2506	2325	2306	3	0	1	198	178	1820	159	170	0	
19:06:07	2768	2531	2325	183	0	0	0	0	0	0	0	2768	2750	2531	2506	2325	2306	3	0	1	198	178	1679	18	170	0	
19:06:08	2768	2531	2325	182	0	0	0	0	0	0	0	2768	2750	2531	2506	2325	2306	3	0	1	198	178	1806	145	170	0	
19:06:09	2768	2531	2325	184	0	0	0	0	0	0	0	2768	2750	2531	2506	2325	2306	3	0	1	198	178	1830	169	171	0	
19:06:10	2768	2531	2325	183	0	0	0	0	0	0	0	2768	2750	2531	2506	2325	2306	3	0	1	198	178	219	1442	172	0	
19:06:11	2768	2531	2325	181	0	0	0	0	0	0	0	2768	2750	2531	2506	2325	2306	3	0	1	198	178	1522	139	174	0	
19:06:12	2768	2531	2325	183	0	0	0	0	0	0	0	2768	2750	2531	2506	2331	2306	3	0	1	198	178	0	1661	176	1	
19:06:13	2768	2531	2331	182	0	0	0	0	0	0	0	2768	2750	2531	2506	2331	2306	3	0	1	198	178	1610	51	177	0	
19:06:15	2768	2531	2331	183	0	0	0	0	0	0	0	2768	2750	2531	2506	2331	2306	3	0	1	198	178	1584	77	177	0	
19:06:16	2768	2537	2331	182	0	0	0	0	0	0	0	2768	2750	2537	2506	2331	2306	3	0	1	198	178	1901	240	177	0	
19:06:17	2768	2537	2331	183	0	0	0	0	0	0	0	2768	2750	2537	2506	2331	2306	3	0	1	198	178	1591	70	177	0	
19:06:18	2768	2537	2331	183	0	0	0	0	0	0	0	2768	2750	2537	2506	2331	2306	3	0	1	198	178	0	1661	177	1	
19:06:19	2768	2531	2331	183	0	0	0	0	0	0	0	2768	2750	2537	2506	2331	2306	3	0	1	198	178	2150	489	180	0	
19:06:20	2768	2531	2331	182	0	0	0	0	0	0	0	2768	2750	2537	2506	2331	2306	3	0	1	198	178	0	1661	180	1	
19:06:21	2768	2531	2331	183	0	0	0	0	0	0	0	2768	2750	2537	2506	2337	2306	3	0	1	198	178	1797	136	181	0	
19:06:22	2768	2531	2337	182	0	0	0	0	0	0	0	2768	2750	2537	2506	2337	2306	3	0	1	198	178	1586	75	182	0	
19:06:23	2768	2537	2337	183	0	0	0	0	0	0	0	2768	2750	2537	2506	2337	2306	3	0	1	198	178	2286	625	182	0	
19:06:24	2768	2531	2337	183	0	0	0	0	0	0	0	2768	2750	2537	2506	2337	2306	3	0	1	198	178	1518	143	183	0	
19:06:25	2768	2531	2337	183	0	0	0	0	0	0	0	2768	2750	2537	2506	2337	2306	3	0	1	198	178	1602	59	186	0	
19:06:26	2768	2537	2337	182	0	0	0	0	0	0	0	2768	2750	2537	2506	2337	2306	3	0	1	198	178	1581	80	187	0	
19:06:27	2768	2537	2337	183	0	0	0	0	0	0	0	2768	2750	2537	2506	2337	2306	3	0	1	198	178	1616	45	188	0	
19:06:28	2775	2537	2337	182	0	0	0	0	0	0	0	2775	2750	2537	2506	2337	2306	3	0	1	198	178	1789	128	188	0	
19:06:29	2768	2537	2337	183	0	0	0	0	0	0	0	2775	2750	2537	2506	2337	2306	3	0	1	198	178	1659	2	189	0	
19:06:30	2768	2531	2343	184	0	0	0	0	0	0	0	2775	2750	2537	2506	2343	2306	3	0	1	198	178	1417	244	192	0	
19:06:31	2775	2537	2343	183	0	0	0	0	0	0	0	2775	2750	2537	2506	2343	2306	3	0	1	198	178	1621	40	192	0	
19:06:32	2775	2531	2343	183	0	0	0	0	0	0	0	2775	2750	2537	2506	2343	2306	3	0	1	198	178	1014	647	195	0	
19:06:33	2768	2531	2343	183	0	0	0	0	0	0	0	2775	2750	2537	2506	2343	2306	3	0	1	198	178	0	1661	195	1	
19:06:34	2768	2531	2343	183	0	0	0	0	0	0	0	2775	2750	2537	2506	2343	2306	3	0	1	198	178	1639	22	195	0	
19:06:35	2775	2531	2350	182	0	0	0	0	0	0	0	2775	2750	2537	2506	2350	2306	3	0	1	198	178	1585	76	195	0	
19:06:37	2768	2531	2350	183	0	0	0	0	0	0	0	2775	2750	2537	2506	2350	2306	3	0	1	198	178	2528	867	195	0	
19:06:38	2768	2531	2350	183	0	0	0	0	0	0	0	2775	2750	2537	2506	2350	2306	3	0	1	198	178	1751	90	195	0	
19:06:39	2775	2537	2350	183	0	0	0	0	0	0	0	2775	2750	2537	2506	2350	2306	3	0	1	198	178	547	1114	196	0	
19:06:40	2768	2537	2350	184	0	0	0	0	0	0	0	2775	2750	2537	2506	2350	2306	3	0	1	198	178	2339	678	198	0	
19:06:41	2775	2537	2350	182	0	0	0	0	0	0	0	2775	2750	2537	2506	2350	2306	3	0	1	198	178	0	1661	200	1	
19:06:42	2775	2537	2350	182	0	0	0	0	0	0	0	2775	2750	2537	2506	2350	2306	3	0	1	198	178	1599	62	201	0	
19:06:43	2775	2537	2350	181	0	0	0	0	0	0	0	2775	2750	2537	2506	2350	2306	3	0	1	198	178	1591	70	202	0	
19:06:44	2775	2537	2356	183	0	0	0	0	0	0	0	2775	2750	2537	2506	2356	2306	3	0	1	198	178	1633	28	202	0	
19:06:45	2775	2537	2356	183	0	0	0	0	0	0	0	2775	2750	2537	2506	2356	2306	3	0	1	198	178	1465	196	202	0	
19:06:46	2775	2531	2356	183	0	0	0	0	0	0	0	2775	2750	2537	2506	2356	2306	3	0	1	198	178	1535	126	203	0	
19:06:47	2775	2537	2356	183	0	0	0	0	0	0	0	2775	2750	2537	2506	2356	2306	3	0	1	198	178	1726	65	204	0	
19:06:48	2775	2537	2356	183	0	0	0	0	0	0	0	2775	2750	2537	2506	2362	2306	3	0	1	198	178	1820	159	204	0	
19:06:49	2775	2537	2356	183	0	0	0	0	0	0	0	2775	2750	2537	2506	2362	2306	3	0	1	198	178	1791	130	204	0	
19:06:50	2775	2531	2362	183	0	0	0	0	0	0	0	2775	2750	2537	2506	2362	2306	3	0	1	198	178	1596	65	204	0	
19:06:51	2775	2537	2362	182	0	0	0	0	0	0	0	2775	2750	2537	2506	2362	2306	3	0	1	198	178	1566	95	206	0	
19:06:52	2775	2537	2362	183	0	0	0	0	0	0	0	2775	2750	2537	2506	2362	2306	3	0	1	198	178	1623	38	206	0	
19:06:53	2775	2537	2362	182	0	0	0	0	0	0	0	2775	2750	2537	2506	2362	2306	3	0	1	198	178	1534	127	207	0	
19:06:54	2775	2537	2362	183	0	0	0	0	0	0	0	2775	2750	2537	2506	2362	2306	3	0	1	198	178	2450	789	207	0	
19:06:55	2775	2537	2362	184	0	0	0	0	0	0	0	2775	2750	2537	2506	2362	2306	3	0	1	198	178	0	1661	208	1	
19:06:56	2775	2537	2368	183	0	0	0	0	0	0	0	2775	2750	2537	2506	2368	2306	3	0	1	198	178	1631	30	208	0	
19:06:57	2775	2537	2368	182	0	0	0	0	0	0	0	2775	2750	2537	2506	2368	2306	3	0	1	198	178	1581	80	208	0	
19:06:58	2775	2537	2368	182	0	0	0	0	0	0	0	2775	2750	2537	2506	2368	2306	3	0	1	198	178	1744	83	208	0	
19:06:59	2775	2537	2368	183	0	0	0	0	0	0	0	2775	2750	2537	2506	2368	2306	3	0	1	198	178	1565	96	210	0	
19:07:00	2775	2537	2368	183	0	0	0	0	0	0	0	2775	2750	2537	2506	2368	2306	3	0	1	198	178	0	1661	212	1	
19:07:01	2775	2537	2368	183	0	0	0	0	0	0	0	2775	2750	2537	2506	2368	2306	3	0	1	198	178	1628	33	214	0	
19:07:02	2775	2537	2368	183	0	0	0	0	0	0	0	2775	2750	2537	2506	2368	2306	3	0	1	198	178	346	1315	216	0	
19:07:03	2775	2537	2368	184	0	0	0	0	0	0	0	2775	2750	2537	2506	2368	2306	3	0	1	198	178	1587	74	219	0	
19:07:05	2775	2537	2368	183	0	0	0	0	0	0	0	2775	2750	2537	2506	2368	2306	3	0	1	198	178	1805	144	220	0	
19:07:06	2775	2537	2368	183	0	0	0	0	0	0	0	2775	2750	2537	2506	2368	2306	3	0	1	198	178	1378	283	221	0	
19:07:07	2775	2531	2375	182	0	0	0	0	0	0	0	2775	2750	2537	2506	2375	2306	3	0	1	198	178	1616	45	222	0	
19:07:08	2775	2537	2375	183	0	0	0	0	0	0	0	2775	2750	2537	2506	2375	2306	3	0	1	198	178	1485	176	224	0	
19:07:09	2775	2543	2375	183	0	0	0	0	0	0	0	2775	2750	2543	2506	2375	2306	3	0	1	198	178	0	1661	224	1	
19:07:10	2781	2537	2375	183	0	0	0	0	0	0	0	2781	2750	2543	2506	2375	2306	3	0	1	198	178	1616	45	226	0	
19:07:11	2775	2537	2375	184	0	0	0	0	0	0	0	2781	2750	2543	2506	2375	2306	3	0	1	198	178	0	1661	226	1	
19:07:12	2775	2543	2375	184	0	0	0	0	0	0	0	2781	2750	2543	2506	2375	2306	3	0	1	198	178	1350	311	227	0	
19:07:13	2781	2537	2375	183	0	0	0	0	0	0	0	2781	2750	2543	2506	2375	2306	3	0	1	198	178	1702	41	228	0	
19:07:14	2775	2537	2375	183	0	0	0	0	0	0	0	2781	2750	2543	2506	2375	2306	3	0	1	198	178	0	1661	228	1	
19:07:15	2775	2537	2375	183	0	0	0	0	0	0	0	2781	2750	2543	2506	2375	2306	3	0	1	198	178	1622	39	229	0	
19:07:16	2775	2537	2381	182	0	0	0	0	0	0	0	2781	2750	2543	2506	2381	2306	3	0	1	198	178	0	1661	231	1	
19:07:17	2775	2537	2375	183	0	0	0	0	0	0	0	2781	2750	2543	2506	2381	2306	3	0	1	198	178	1638	23	231	0	
19:07:18	2775	2537	2381	182	0	0	0	0	0	0	0	2781	2750	2543	2506	2381	2306	3	0	1	198	178	834	827	231	0	
19:07:19	2781	2537	2381	182	0	0	0	0	0	0	0	2781	2750	2543	2506	2381	2306	3	0	1	198	178	1502	159	231	0	
19:07:20	2775	2537	2381	182	0	0	0	0	0	0	0	2781	2750	2543	2506	2381	2306	3	0	1	198	178	1584	77	232	0	
19:07:21	2775	2537	2381	182	0	0	0	0	0	0	0	2781	2750	2543	2506	2381	2306	3	0	1	198	178	334	1327	233	0	
19:07:22	2781	2537	2381	181	0	0	0	0	0	0	0	2781	2750	2543	2506	2381	2306	3	0	1	198	178	1474	187	234	0	
19:07:23	2775	2537	2381	184	0	0	0	0	0	0	0	2781	2750	2543	2506	2381	2306	3	0	1	198	178	1651	10	236	0	
19:07:24	2781	2537	2381	183	0	0	0	0	0	0	0	2781	2750	2543	2506	2381	2306	3	0	1	198	178	0	1661	237	1	
19:07:25	2775	2537	2381	182	0	0	0	0	0	0	0	2781	2750	2543	2506	2381	2306	3	0	1	198	178	1811	150	237	0	
19:07:26	2781	2543	2387	183	0	0	0	0	0	0	0	2781	2750	2543	2506	2387	2306	3	0	1	198	178	1504	157	238	0	
19:07:27	2781	2537	2387	182	0	0	0	0	0	0	0	2781	2750	2543	2506	2387	2306	3	0	1	198	178	1419	242	239	0	
19:07:28	2781	2537	2387	182	0	0	0	0	0	0	0	2781	2750	2543	2506	2387	2306	3	0	1	198	178	1809	148	240	0	
19:07:29	2781	2543	2387	183	0	0	0	0	0	0	0	2781	2750	2543	2506	2387	2306	3	0	1	198	178	666	995	240	0	
19:07:31	2781	2543	2387	183	0	0	0	0	0	0	0	2781	2750	2543	2506	2387	2306	3	0	1	198	178	1621	40	241	0	
19:07:32	2781	2537	2387	183	0	0	0	0	0	0	0	2781	2750	2543	2506	2387	2306	3	0	1	198	178	1759	98	243	0	
19:07:33	2781	2543	2387	183	0	0	0	0	0	0	0	2781	2750	2543	2506	2387	2306	3	0	1	198	178	1597	64	243	0	
19:07:34	2775	2537	2387	185	0	0	0	0	0	0	0	2781	2750	2543	2506	2387	2306	3	0	1	198	178	1811	150	244	0	
19:07:35	2781	2537	2387	183	0	0	0	0	0	0	0	2781	2750	2543	2506	2387	2306	3	0	1	198	178	1568	93	244	0	
19:07:36	2781	2537	2387	184	0	0	0	0	0	0	0	2781	2750	2543	2506	2387	2306	3	0	1	198	178	1781	120	244	0	
19:07:37	2781	2543	2387	183	0	0	0	0	0	0	0	2781	2750	2543	2506	2387	2306	3	0	1	198	178	0	1661	248	1	
19:07:38	2781	2543	2393	184	0	0	0	0	0	0	0	2781	2750	2543	2506	2393	2306	3	0	1	198	178	1622	39	248	0	
19:07:39	2781	2537	2393	184	0	0	0	0	0	0	0	2781	2750	2543	2506	2393	2306	3	0	1	198	178	1565	96	249	0	
19:07:40	2781	2543	2393	182	0	0	0	0	0	0	0	2781	2750	2543	2506	2393	2306	3	0	1	198	178	0	1661	251	1	
19:07:41	2781	2543	2393	181	0	0	0	0	0	0	0	2781	2750	2543	2506	2393	2306	3	0	1	198	178	1803	142	252	0	
19:07:42	2781	2543	2393	183	0	0	0	0	0	0	0	2781	2750	2543	2506	2393	2306	3	0	1	198	178	749	912	252	0	
19:07:43	2781	2543	2393	184	0	0	0	0	0	0	0	2781	2750	2543	2506	2393	2306	3	0	1	198	178	2176	515	254	0	
19:07:44	2781	2543	2393	183	0	0	0	0	0	0	0	2781	2750	2543	2506	2393	2306	3	0	1	198	178	0	1661	254	1	
19:07:45	2781	2543	2393	183	0	0	0	0	0	0	0	2781	2750	2543	2506	2393	2306	3	0	1	198	178	1781	120	0	0	
19:07:46	2781	2543	2393	183	0	0	0	0	0	0	0	2781	2750	2543	2506	2393	2306	3	0	1	198	178	1610	51	1	0	
19:07:47	2781	2543	2393	183	0	0	0	0	0	0	0	2781	2750	2543	2506	2393	2306	3	0	1	198	178	1594	67	2	0	
19:07:48	2781	2543	2393	182	0	0	0	0	0	0	0	2781	2750	2543	2506	2393	2306	3	0	1	198	178	1561	100	4	0	
19:07:49	2781	2543	2393	183	0	0	0	0	0	0	0	2781	2750	2543	2506	2393	2306	3	0	1	198	178	1347	314	5	0	
19:07:50	2781	2543	2393	182	0	0	0	0	0	0	0	2781	2750	2543	2506	2393	2306	3	0	1	198	178	0	1661	6	1	
19:07:51	2781	2543	2400	183	0	0	0	0	0	0	0	2781	2750	2543	2506	2400	2306	3	0	1	198	178	1834	173	6	0	
19:07:52	2781	2543	2400	184	0	0	0	0	0	0	0	2781	2750	2543	2506	2400	2306	3	0	1	198	178	2480	819	9	0	
19:07:54	2781	2543	2400	182	0	0	0	0	0	0	0	2781	2750	2543	2506	2400	2306	3	0	1	198	178	1616	45	9	0	
19:07:55	2781	2543	2400	183	0	0	0	0	0	0	0	2781	2750	2543	2506	2400	2306	3	0	1	198	178	1633	28	9	0	
19:07:56	2781	2543	2400	183	0	0	0	0	0	0	0	2781	2750	2543	2506	2400	2306	3	0	1	198	178	1596	65	9	0	
19:07:57	2781	2543	2400	183	0	0	0	0	0	0	0	2781	2750	2543	2506	2400	2306	3	0	1	198	178	81	1580	9	0	
19:07:58	2787	2543	2400	183	0	0	0	0	0	0	0	2787	2750	2543	2506	2400	2306	3	0	1	198	178	0	1661	11	1	
19:07:59	2781	2543	2400	184	0	0	0	0	0	0	0	2787	2750	2543	2506	2400	2306	3	0	1	198	178	1534	127	12	0	
19:08:00	2781	2543	2406	182	0	0	0	0	0	0	0	2787	2750	2543	2506	2406	2306	3	0	1	198	178	1610	51	13	0	
19:08:01	2787	2550	2406	182	0	0	0	0	0	0	0	2787	2750	2550	2506	2406	2306	3	0	1	198	178	0	1661	14	1	
19:08:02	2787	2543	2400	183	0	0	0	0	0	0	0	2787	2750	2550	2506	2406	2306	3	0	1	198	178	1767	106	15	0	
19:08:03	2787	2543	2406	183	0	0	0	0	0	0	0	2787	2750	2550	2506	2406	2306	3	0	1	198	178	1601	60	16	0	
19:08:04	2787	2543	2406	183	0	0	0	0	0	0	0	2787	2750	2550	2506	2406	2306	3	0	1	198	178	0	1661	18	1	
19:08:05	2787	2543	2406	182	0	0	0	0	0	0	0	2787	2750	2550	2506	2406	2306	3	0	1	198	178	1584	77	19	0	
19:08:06	2781	2543	2406	182	0	0	0	0	0	0	0	2787	2750	2550	2506	2406	2306	3	0	1	198	178	1340	321	19	0	
19:08:07	2787	2543	2406	184	0	0	0	0	0	0	0	2787	2750	2550	2506	2406	2306	3	0	1	198	178	1611	50	20	0	
19:08:08	2787	2543	2406	183	0	0	0	0	0	0	0	2787	2750	2550	2506	2406	2306	3	0	1	198	178	1827	166	22	0	
19:08:09	2787	2543	2412	184	0	0	0	0	0	0	0	2787	2750	2550	2506	2412	2306	3	0	1	198	178	1513	148	23	0	
19:08:10	2787	2543	2412	182	0	0	0	0	0	0	0	2787	2750	2550	2506	2412	2306	3	0	1	198	178	1579	82	23	0	
19:08:11	2787	2543	2412	182	0	0	0	0	0	0	0	2787	2750	2550	2506	2412	2306	3	0	1	198	178	1773	112	26	0	
19:08:12	2787	2543	2412	183	0	0	0	0	0	0	0	2787	2750	2550	2506	2412	2306	3	0	1	198	178	1598	63	26	0	
19:08:13	2787	2543	2412	184	0	0	0	0	0	0	0	2787	2750	2550	2506	2412	2306	3	0	1	198	178	0	1661	27	1	
19:08:14	2787	2543	2412	183	0	0	0	0	0	0	0	2787	2750	2550	2506	2412	2306	3	0	1	198	178	249	1412	27	0	
19:08:15	2787	2543	2412	183	0	0	0	0	0	0	0	2787	2750	2550	2506	2412	2306	3	0	1	198	178	1609	52	27	0	
19:08:16	2787	2543	2412	183	0	0	0	0	0	0	0	2787	2750	2550	2506	2412	2306	3	0	1	198	178	1535	126	28	0	
19:08:17	2787	2550	2412	184	0	0	0	0	0	0	0	2787	2750	2550	2506	2412	2306	3	0	1	198	178	1819	158	28	0	
19:08:18	2787	2543	2412	183	0	0	0	0	0	0	0	2787	2750	2550	2506	2412	2306	3	0	1	198	178	0	1661	30	1	
19:08:20	2787	2543	2418	182	0	0	0	0	0	0	0	2787	2750	2550	2506	2418	2306	3	0	1	198	178	1610	51	30	0	
19:08:21	2787	2543	2418	183	0	0	0	0	0	0	0	2787	2750	2550	2506	2418	2306	3	0	1	198	178	1572	89	30	0	
19:08:22	2787	2550	2418	182	0	0	0	0	0	0	0	2787	2750	2550	2506	2418	2306	3	0	1	198	178	1649	12	30	0	
19:08:23	2787	2543	2418	183	0	0	0	0	0	0	0	2787	2750	2550	2506	2418	2306	3	0	1	198	178	1939	278	30	0	
19:08:24	2787	2543	2418	183	0	0	0	0	0	0	0	2787	2750	2550	2506	2418	2306	3	0	1	198	178	1095	566	31	0	
19:08:25	2787	2543	2418	183	0	0	0	0	0	0	0	2787	2750	2550	2506	2418	2306	3	0	1	198	178	1856	195	32	0	
19:08:26	2787	2543	2418	182	0	0	0	0	0	0	0	2787	2750	2550	2506	2418	2306	3	0	1	198	178	0	1661	33	1	
19:08:27	2787	2543	2418	184	0	0	0	0	0	0	0	2787	2750	2550	2506	2418	2306	3	0	1	198	178	1687	26	34	0	
19:08:28	2787	2550	2418	184	0	0	0	0	0	0	0	2787	2750	2550	2506	2418	2306	3	0	1	198	178	1709	48	34	0	
19:08:29	2787	2550	2418	182	0	0	0	0	0	0	0	2787	2750	2550	2506	2418	2306	3	0	1	198	178	1616	45	34	0	
19:08:30	2793	2543	2418	182	0	0	0	0	0	0	0	2793	2750	2550	2506	2418	2306	3	0	1	198	178	690	971	35	0	
19:08:31	2787	2550	2418	184	0	0	0	0	0	0	0	2793	2750	2550	2506	2418	2306	3	0	1	198	178	1672	11	36	0	
19:08:32	2787	2550	2425	183	0	0	0	0	0	0	0	2793	2750	2550	2506	2425	2306	3	0	1	198	178	1535	126	38	0	
19:08:33	2787	2543	2418	182	0	0	0	0	0	0	0	2793	2750	2550	2506	2425	2306	3	0	1	198	178	1626	35	38	0	
19:08:34	2787	2550	2425	183	0	0	0	0	0	0	0	2793	2750	2550	2506	2425	2306	3	0	1	198	178	1265	396	39	0	
19:08:35	2787	2550	2425	182	0	0	0	0	0	0	0	2793	2750	2550	2506	2425	2306	3	0	1	198	178	1490	171	40	0	
19:08:36	2787	2543	2425	184	0	0	0	0	0	0	0	2793	2750	2550	2506	2425	2306	3	0	1	198	178	1347	314	42	0	
19:08:37	2787	2550	2425	184	0	0	0	0	0	0	0	2793	2750	2550	2506	2425	2306	3	0	1	198	178	0	1661	42	1	
19:08:38	2793	2550	2425	183	0	0	0	0	0	0	0	2793	2750	2550	2506	2425	2306	3	0	1	198	178	1605	56	43	0	
19:08:39	2787	2550	2425	184	0	0	0	0	0	0	0	2793	2750	2550	2506	2425	2306	3	0	1	198	178	1593	68	44	0	
19:08:40	2787	2550	2425	183	0	0	0	0	0	0	0	2793	2750	2550	2506	2425	2306	3	0	1	198	178	1862	201	44	0	
19:08:41	2787	2550	2425	184	0	0	0	0	0	0	0	2793	2750	2550	2506	2425	2306	3	0	1	198	178	1802	141	46	0	
19:08:42	2793	2550	2425	183	0	0	0	0	0	0	0	2793	2750	2550	2506	2425	2306	3	0	1	198	178	337	1324	46	0	
19:08:43	2793	2550	2425	183	0	0	0	0	0	0	0	2793	2750	2550	2506	2425	2306	3	0	1	198	178	1621	40	47	0	
19:08:44	2793	2550	2431	183	0	0	0	0	0	0	0	2793	2750	2550	2506	2431	2306	3	0	1	198	178	1589	72	48	0	
19:08:45	2793	2550	2425	184	0	0	0	0	0	0	0	2793	2750	2550	2506	2431	2306	3	0	1	198	178	0	1661	49	1	
19:08:46	2793	2550	2431	183	0	0	0	0	0	0	0	2793	2750	2550	2506	2431	2306	3	0	1	198	178	2519	858	51	0	
19:08:47	2793	2550	2431	183	0	0	0	0	0	0	0	2793	2750	2550	2506	2431	2306	3	0	1	198	178	1627	34	51	0	
19:08:48	2787	2550	2431	183	0	0	0	0	0	0	0	2793	2750	2550	2506	2431	2306	3	0	1	198	178	1482	179	52	0	
19:08:49	2793	2550	2431	183	0	0	0	0	0	0	0	2793	2750	2550	2506	2431	2306	3	0	1	198	178	1854	193	54	0	
19:08:51	2793	2550	2431	185	0	0	0	0	0	0	0	2793	2750	2550	2506	2431	2306	3	0	1	198	178	1781	120	55	0	
19:08:52	2793	2550	2431	182	0	0	0	0	0	0	0	2793	2750	2550	2506	2431	2306	3	0	1	198	178	1639	22	57	0	
19:08:53	2793	2556	2431	184	0	0	0	0	0	0	0	2793	2750	2556	2506	2431	2306	3	0	1	198	178	0	1661	57	1	
19:08:54	2793	2550	2431	183	0	0	0	0	0	0	0	2793	2750	2556	2506	2431	2306	3	0	1	198	178	1647	14	58	0	
19:08:55	2793	2550	2437	183	0	0	0	0	0	0	0	2793	2750	2556	2506	2437	2306	3	0	1	198	178	1327	334	58	0	
19:08:56	2793	2550	2437	184	0	0	0	0	0	0	0	2793	2750	2556	2506	2437	2306	3	0	1	198	178	1766	105	58	0	
19:08:57	2793	2550	2437	183	0	0	0	0	0	0	0	2793	2750	2556	2506	2437	2306	3	0	1	198	178	0	1661	59	1	
19:08:58	2793	2550	2437	183	0	0	0	0	0	0	0	2793	2750	2556	2506	2437	2306	3	0	1	198	178	1490	171	59	0	
19:08:59	2793	2550	2443	183	0	0	0	0	0	0	0	2793	2750	2556	2506	2443	2306	3	0	1	198	178	0	1661	60	1	
19:09:00	2793	2550	2443	183	0	0	0	0	0	0	0	2793	2750	2556	2506	2443	2306	3	0	1	198	178	1639	22	61	0	
19:09:01	2793	2550	2443	184	0	0	0	0	0	0	0	2793	2750	2556	2506	2443	2306	3	0	1	198	178	1735	74	61	0	
19:09:02	2793	2556	2443	184	0	0	0	0	0	0	0	2793	2750	2556	2506	2443	2306	3	0	1	198	178	1729	68	61	0	
19:09:03	2793	2550	2450	183	0	0	0	0	0	0	0	2793	2750	2556	2506	2450	2306	3	0	1	198	178	1520	141	61	0	
19:09:04	2793	2550	2450	184	0	0	0	0	0	0	0	2793	2750	2556	2506	2450	2306	3	0	1	198	178	495	1166	63	0	
19:09:05	2793	2550	2450	184	0	0	0	0	0	0	0	2793	2750	2556	2506	2450	2306	3	0	1	198	178	1519	142	64	0	
19:09:06	2793	2550	2450	183	0	0	0	0	0	0	0	2793	2750	2556	2506	2450	2306	3	0	1	198	178	1776	115	65	0	
19:09:07	2793	2550	2450	183	0	0	0	0	0	0	0	2793	2750	2556	2506	2450	2306	3	0	1	198	178	346	1315	66	0	
19:09:08	2800	2556	2456	183	0	0	0	0	0	0	0	2800	2750	2556	2506	2456	2306	3	0	1	198	178	1602	59	67	0	
19:09:09	2793	2550	2456	183	0	0	0	0	0	0	0	2800	2750	2556	2506	2456	2306	3	0	1	198	178	1569	92	69	0	
19:09:10	2793	2550	2456	183	0	0	0	0	0	0	0	2800	2750	2556	2506	2456	2306	3	0	1	198	178	1763	102	69	0	
19:09:11	2800	2550	2456	184	0	0	0	0	0	0	0	2800	2750	2556	2506	2462	2306	3	0	1	198	178	2027	366	70	0	
19:09:12	2793	2543	2462	184	0	0	0	0	0	0	0	2800	2750	2556	2506	2462	2306	3	0	1	198	178	1630	31	70	0	
19:09:13	2793	2556	2462	184	0	0	0	0	0	0	0	2800	2750	2556	2506	2462	2306	3	0	1	198	178	1527	134	70	0	
19:09:14	2793	2550	2462	184	0	0	0	0	0	0	0	2800	2750	2556	2506	2462	2306	3	0	1	198	178	144	1517	70	0	
19:09:15	2793	2556	2462	182	0	0	0	0	0	0	0	2800	2750	2556	2506	2462	2306	3	0	1	198	178	1674	13	71	0	
19:09:16	2793	2556	2462	184	0	0	0	0	0	0	0	2800	2750	2556	2506	2462	2306	3	0	1	198	178	1806	145	71	0	
19:09:17	2793	2550	2468	185	0	0	0	0	0	0	0	2800	2750	2556	2506	2468	2306	3	0	1	198	178	2719	1058	72	0	
19:09:19	2793	2556	2468	183	0	0	0	0	0	0	0	2800	2750	2556	2506	2468	2306	3	0	1	198	178	1591	70	73	0	
19:09:20	2800	2550	2468	184	0	0	0	0	0	0	0	2800	2750	2556	2506	2468	2306	3	0	1	198	178	829	832	73	0	
19:09:21	2793	2550	2468	184	0	0	0	0	0	0	0	2800	2750	2556	2506	2468	2306	3	0	1	198	178	1571	90	73	0	
19:09:22	2800	2556	2468	183	0	0	0	0	0	0	0	2800	2750	2556	2506	2468	2306	3	0	1	198	178	1584	77	75	0	
19:09:23	2800	2550	2468	182	0	0	0	0	0	0	0	2800	2750	2556	2506	2468	2306	3	0	1	198	178	2469	808	76	0	
19:09:24	2800	2550	2468	184	0	0	0	0	0	0	0	2800	2750	2556	2506	2475	2306	3	0	1	198	178	1617	44	78	0	
19:09:25	2793	2556	2468	184	0	0	0	0	0	0	0	2800	2750	2556	2506	2475	2306	3	0	1	198	178	1535	126	79	0	
19:09:26	2793	2550	2475	184	0	0	0	0	0	0	0	2800	2750	2556	2506	2475	2306	3	0	1	198	178	1663	2	79	0	
19:09:27	2800	2550	2475	183	0	0	0	0	0	0	0	2800	2750	2556	2506	2475	2306	3	0	1	198	178	1938	277	79	0	
19:09:28	2800	2550	2475	183	0	0	0	0	0	0	0	2800	2750	2556	2506	2475	2306	3	0	1	198	178	0	1661	79	1	
19:09:29	2800	2556	2481	182	0	0	0	0	0	0	0	2800	2750	2556	2506	2481	2306	3	0	1	198	178	1998	337	80	0	
19:09:30	2793	2556	2475	183	0	0	0	0	0	0	0	2800	2750	2556	2506	2481	2306	3	0	1	198	178	1702	41	81	0	
19:09:31	2793	2556	2481	183	0	0	0	0	0	0	0	2800	2750	2556	2506	2481	2306	3	0	1	198	178	2055	394	82	0	
19:09:32	2793	2556	2481	184	0	0	0	0	0	0	0	2800	2750	2556	2506	2481	2306	3	0	1	198	178	1625	36	83	0	
19:09:33	2800	2550	2481	184	0	0	0	0	0	0	0	2800	2750	2556	2506	2481	2306	3	0	1	198	178	1625	36	84	0	
19:09:34	2800	2556	2481	184	0	0	0	0	0	0	0	2800	2750	2556	2506	2481	2306	3	0	1	198	178	0	1661	86	1	
19:09:35	2800	2556	2481	183	0	0	0	0	0	0	0	2800	2750	2556	2506	2481	2306	3	0	1	198	178	1415	246	87	0	
19:09:36	2800	2556	2487	184	0	0	0	0	0	0	0	2800	2750	2556	2506	2487	2306	3	0	1	198	178	1970	309	88	0	
19:09:37	2800	2556	2487	185	0	0	0	0	0	0	0	2800	2750	2556	2506	2487	2306	3	0	1	198	178	1642	19	89	0	
19:09:38	2800	2556	2487	184	0	0	0	0	0	0	0	2800	2750	2556	2506	2487	2306	3	0	1	198	178	1594	67	89	0	
19:09:39	2800	2556	2493	184	0	0	0	0	0	0	0	2800	2750	2556	2506	2493	2306	3	0	1	198	178	935	726	89	0	
19:09:40	2800	2556	2493	183	0	0	0	0	0	0	0	2800	2750	2556	2506	2493	2306	3	0	1	198	178	1322	339	90	0	
19:09:41	2800	2556	2493	184	0	0	0	0	0	0	0	2800	2750	2556	2506	2493	2306	3	0	1	198	178	1559	102	91	0	
19:09:42	2800	2556	2500	184	0	0	0	0	0	0	0	2800	2750	2556	2506	2500	2306	3	0	1	198	178	0	1661	92	1	
19:09:43	2800	2556	2500	183	0	0	0	0	0	0	0	2800	2750	2556	2506	2500	2306	3	0	1	198	178	1762	101	92	0	
19:09:44	2800	2556	2506	184	0	0	0	0	0	0	0	2800	2750	2556	2506	2506	2306	3	0	1	198	178	1535	126	92	0	
19:09:45	2800	2556	2512	183	0	0	0	0	0	0	0	2800	2750	2556	2506	2512	2306	3	0	1	198	178	1631	30	93	0	
19:09:47	2800	2556	2512	184	0	0	0	0	0	0	0	2800	2750	2556	2506	2512	2306	3	0	1	198	178	1500	161	93	0	
19:09:48	2800	2556	2518	182	0	0	0	0	0	0	0	2800	2750	2556	2506	2518	2306	3	0	1	198	178	1535	126	93	0	
19:09:49	2800	2556	2518	183	0	0	0	0	0	0	0	2800	2750	2556	2506	2518	2306	3	0	1	198	178	400	1261	93	0	
19:09:50	2800	2556	2525	183	0	0	0	0	0	0	0	2800	2750	2556	2506	2525	2306	3	0	1	198	178	1565	96	95	0	
19:09:51	2800	2556	2525	182	0	0	0	0	0	0	0	2800	2750	2556	2506	2525	2306	3	0	1	198	178	1633	28	96	0	
19:09:52	2800	2556	2531	182	0	0	0	0	0	0	0	2800	2750	2556	2506	2531	2306	3	0	1	198	178	0	1661	97	1	
19:09:53	2800	2556	2531	183	0	0	0	0	0	0	0	2800	2750	2556	2506	2531	2306	3	0	1	198	178	1737	76	97	0	
19:09:54	2800	2556	2537	183	0	0	0	0	0	0	0	2800	2750	2556	2506	2537	2306	3	0	1	198	178	1589	72	97	0	
19:09:55	2800	2556	2537	184	0	0	0	0	0	0	0	2800	2750	2556	2506	2537	2306	3	0	1	198	178	1557	104	98	0	
19:09:56	2800	2556	2543	183	0	0	0	0	0	0	0	2800	2750	2556	2506	2543	2306	3	0	1	198	178	699	962	98	0	
19:09:57	2800	2556	2543	182	0	0	0	0	0	0	0	2800	2750	2556	2506	2543	2306	3	0	1	198	178	1751	90	98	0	
19:09:58	2800	2556	2550	183	0	0	0	0	0	0	0	2800	2750	2556	2506	2550	2306	3	0	1	198	178	1808	147	99	0	
19:09:59	2806	2556	2550	184	0	0	0	0	0	0	0	2806	2750	2556	2506	2550	2306	3	0	1	198	178	1581	80	101	0	
19:10:00	2800	2556	2550	183	0	0	0	0	0	0	0	2806	2750	2556	2506	2550	2306	3	0	1	198	178	0	1661	103	1	
19:10:01	2800	2556	2556	183	0	0	0	0	0	0	0	2806	2750	2556	2506	2556	2306	3	0	1	198	178	1441	220	104	0	
19:10:02	2806	2556	2562	182	0	0	0	0	0	0	0	2806	2750	2556	2506	2562	2306	3	0	1	198	178	511	1150	106	0	
19:10:03	2806	2556	2562	183	0	0	0	0	0	0	0	2806	2750	2556	2506	2562	2306	3	0	1	198	178	1673	12	107	0	
19:10:04	2806	2556	2568	184	0	0	0	0	0	0	0	2806	2750	2556	2506	2568	2306	3	0	1	198	178	1827	166	109	0	
19:10:05	2800	2562	2568	183	0	0	0	0	0	0	0	2806	2750	2562	2506	2568	2306	3	0	1	198	178	1622	39	109	0	
19:10:06	2800	2556	2568	182	0	0	0	0	0	0	0	2806	2750	2562	2506	2568	2306	3	0	1	198	178	1627	34	111	0	
19:10:07	2806	2556	2575	184	0	0	0	0	0	0	0	2806	2750	2562	2506	2575	2306	3	0	1	198	178	1137	524	112	0	
19:10:08	2806	2556	2575	183	0	0	0	0	0	0	0	2806	2750	2562	2506	2575	2306	3	0	1	198	178	920	741	112	0	
19:10:09	2806	2562	2575	183	0	0	0	0	0	0	0	2806	2750	2562	2506	2575	2306	3	0	1	198	178	1914	253	112	0	
19:10:10	2806	2562	2581	184	0	0	0	0	0	0	0	2806	2750	2562	2506	2581	2306	3	0	1	198	178	0	1661	112	1	
19:10:11	2806	2562	2581	184	0	0	0	0	0	0	0	2806	2750	2562	2506	2581	2306	3	0	1	198	178	1361	300	112	0	
19:10:13	2806	2562	2587	185	0	0	0	0	0	0	0	2806	2750	2562	2506	2587	2306	3	0	1	198	178	1845	184	113	0	
19:10:14	2806	2556	2587	184	0	0	0	0	0	0	0	2806	2750	2562	2506	2587	2306	3	0	1	198	178	1797	136	114	0	
19:10:15	2806	2556	2587	182	0	0	0	0	0	0	0	2806	2750	2562	2506	2587	2306	3	0	1	198	178	1620	41	116	0	
19:10:16	2806	2556	2587	183	0	0	0	0	0	0	0	2806	2750	2562	2506	2587	2306	3	0	1	198	178	1593	68	116	0	
19:10:17	2806	2562	2593	184	0	0	0	0	0	0	0	2806	2750	2562	2506	2593	2306	3	0	1	198	178	1581	80	116	0	
19:10:18	2806	2562	2600	183	0	0	0	0	0	0	0	2806	2750	2562	2506	2600	2306	3	0	1	198	178	0	1661	116	1	
19:10:19	2806	2556	2600	183	0	0	0	0	0	0	0	2806	2750	2562	2506	2600	2306	3	0	1	198	178	1834	173	118	0	
19:10:20	2806	2556	2600	184	0	0	0	0	0	0	0	2806	2750	2562	2506	2600	2306	3	0	1	198	178	1650	11	118	0	
19:10:21	2806	2562	2600	182	0	0	0	0	0	0	0	2806	2750	2562	2506	2600	2306	3	0	1	198	178	1581	80	119	0	
19:10:22	2806	2562	2606	183	0	0	0	0	0	0	0	2806	2750	2562	2506	2606	2306	3	0	1	198	178	0	1661	120	1	
19:10:23	2806	2562	2606	182	0	0	0	0	0	0	0	2806	2750	2562	2506	2606	2306	3	0	1	198	178	1616	45	120	0	
19:10:24	2806	2562	2612	183	0	0	0	0	0	0	0	2806	2750	2562	2506	2612	2306	3	0	1	198	178	550	1111	120	0	
19:10:25	2806	2562	2612	185	0	0	0	0	0	0	0	2806	2750	2562	2506	2612	2306	3	0	1	198	178	1600	61	121	0	
19:10:26	2806	2562	2612	182	0	0	0	0	0	0	0	2806	2750	2562	2506	2612	2306	3	0	1	198	178	1760	99	123	0	
19:10:27	2806	2556	2618	183	0	0	0	0	0	0	0	2806	2750	2562	2506	2618	2306	3	0	1	198	178	1715	54	123	0	
19:10:28	2806	2562	2618	183	0	0	0	0	0	0	0	2806	2750	2562	2506	2618	2306	3	0	1	198	178	1559	102	123	0	
19:10:29	2806	2556	2618	184	0	0	0	0	0	0	0	2806	2750	2562	2506	2618	2306	3	0	1	198	178	0	1661	123	1	
19:10:30	2806	2562	2625	184	0	0	0	0	0	0	0	2806	2750	2562	2506	2625	2306	3	0	1	198	178	1716	55	123	0	
19:10:31	2806	2562	2625	182	0	0	0	0	0	0	0	2806	2750	2562	2506	2625	2306	3	0	1	198	178	1766	105	123	0	
19:10:32	2806	2562	2631	184	0	0	0	0	0	0	0	2806	2750	2562	2506	2631	2306	3	0	1	198	178	1535	126	123	0	
19:10:33	2806	2562	2631	181	0	0	0	0	0	0	0	2806	2750	2562	2506	2631	2306	3	0	1	198	178	1632	29	124	0	
19:10:34	2806	2562	2631	184	0	0	0	0	0	0	0	2806	2750	2562	2506	2631	2306	3	0	1	198	178	1642	19	127	0	
19:10:35	2812	2562	2637	183	0	0	0	0	0	0	0	2812	2750	2562	2506	2637	2306	3	0	1	198	178	1568	93	127	0	
19:10:36	2806	2556	2637	185	0	0	0	0	0	0	0	2812	2750	2562	2506	2637	2306	3	0	1	198	178	1589	72	128	0	
19:10:37	2806	2562	2637	183	0	0	0	0	0	0	0	2812	2750	2562	2506	2637	2306	3	0	1	198	178	224	1437	128	0	
19:10:38	2806	2562	2643	184	0	0	0	0	0	0	0	2812	2750	2562	2506	2643	2306	3	0	1	198	178	1623	38	129	0	
19:10:39	2806	2556	2643	184	0	0	0	0	0	0	0	2812	2750	2562	2506	2643	2306	3	0	1	198	178	0	1661	131	1	
19:10:40	2806	2562	2650	184	0	0	0	0	0	0	0	2812	2750	2562	2506	2650	2306	3	0	1	198	178	1573	88	131	0	
19:10:41	2806	2562	2650	182	0	0	0	0	0	0	0	2812	2750	2562	2506	2650	2306	3	0	1	198	178	1498	163	131	0	
19:10:42	2806	2562	2650	183	0	0	0	0	0	0	0	2812	2750	2562	2506	2650	2306	3	0	1	198	178	1701	40	132	0	
19:10:44	2812	2562	2650	184	0	0	0	0	0	0	0	2812	2750	2562	2506	2650	2306	3	0	1	198	178	2971	1310	132	0	
19:10:45	2806	2562	2656	183	0	0	0	0	0	0	0	2812	2750	2562	2506	2656	2306	3	0	1	198	178	1477	184	133	0	
19:10:46	2812	2562	2662	183	0	0	0	0	0	0	0	2812	2750	2562	2506	2662	2306	3	0	1	198	178	0	1661	134	1	
19:10:47	2812	2556	2662	185	0	0	0	0	0	0	0	2812	2750	2562	2506	2662	2306	3	0	1	198	178	1729	68	135	0	
19:10:48	2812	2568	2662	183	0	0	0	0	0	0	0	2812	2750	2568	2506	2662	2306	3	0	1	198	178	1729	68	136	0	
19:10:49	2812	2562	2668	183	0	0	0	0	0	0	0	2812	2750	2568	2506	2668	2306	3	0	1	198	178	1535	126	136	0	
19:10:50	2812	2562	2668	184	0	0	0	0	0	0	0	2812	2750	2568	2506	2668	2306	3	0	1	198	178	1601	60	137	0	
19:10:51	2812	2562	2675	183	0	0	0	0	0	0	0	2812	2750	2568	2506	2675	2306	3	0	1	198	178	1886	225	137	0	
19:10:52	2812	2562	2675	182	0	0	0	0	0	0	0	2812	2750	2568	2506	2675	2306	3	0	1	198	178	1132	529	138	0	
19:10:53	2806	2562	2675	183	0	0	0	0	0	0	0	2812	2750	2568	2506	2675	2306	3	0	1	198	178	1425	236	139	0	
19:10:54	2812	2562	2681	184	0	0	0	0	0	0	0	2812	2750	2568	2506	2681	2306	3	0	1	198	178	0	1661	141	1	
19:10:55	2812	2562	2681	183	0	0	0	0	0	0	0	2812	2750	2568	2506	2681	2306	3	0	1	198	178	1569	92	142	0	
19:10:56	2812	2556	2681	183	0	0	0	0	0	0	0	2812	2750	2568	2506	2681	2306	3	0	1	198	178	1785	124	142	0	
19:10:57	2812	2562	2687	184	0	0	0	0	0	0	0	2812	2750	2568	2506	2687	2306	3	0	1	198	178	1805	144	143	0	
19:10:58	2812	2562	2687	183	0	0	0	0	0	0	0	2812	2750	2568	2506	2687	2306	3	0	1	198	178	1610	51	144	0	
19:10:59	2812	2562	2693	183	0	0	0	0	0	0	0	2812	2750	2568	2506	2693	2306	3	0	1	198	178	0	1661	145	1	
19:11:00	2812	2562	2693	183	0	0	0	0	0	0	0	2812	2750	2568	2506	2693	2306	3	0	1	198	178	1558	103	145	0	
19:11:01	2812	2556	2693	184	0	0	0	0	0	0	0	2812	2750	2568	2506	2693	2306	3	0	1	198	178	0	1661	147	1	
19:11:02	2812	2568	2693	183	0	0	0	0	0	0	0	2812	2750	2568	2506	2693	2306	3	0	1	198	178	1762	101	148	0	
19:11:03	2812	2562	2700	183	0	0	0	0	0	0	0	2812	2750	2568	2506	2700	2306	3	0	1	198	178	1821	160	149	0	
19:11:04	2812	2562	2700	183	0	0	0	0	0	0	0	2812	2750	2568	2506	2700	2306	3	0	1	198	178	1648	13	149	0	
19:11:05	2812	2562	2700	185	0	0	0	0	0	0	0	2812	2750	2568	2506	2700	2306	3	0	1	198	178	1776	115	149	0	
19:11:06	2812	2562	2706	184	0	0	0	0	0	0	0	2812	2750	2568	2506	2706	2306	3	0	1	198	178	1842	181	149	0	
19:11:07	2812	2562	2706	184	0	0	0	0	0	0	0	2812	2750	2568	2506	2706	2306	3	0	1	198	178	1478	183	150	0	
19:11:08	2812	2562	2712	184	0	0	0	0	0	0	0	2812	2750	2568	2506	2712	2306	3	0	1	198	178	1599	62	151	0	
19:11:09	2812	2562	2712	184	0	0	0	0	0	0	0	2812	2750	2568	2506	2712	2306	3	0	1	198	178	1601	60	152	0	
19:11:10	2812	2562	2712	183	0	0	0	0	0	0	0	2812	2750	2568	2506	2712	2306	3	0	1	198	178	1535	126	152	0	
19:11:11	2812	2562	2718	183	0	0	0	0	0	0	0	2812	2750	2568	2506	2718	2306	3	0	1	198	178	1638	23	153	0	
19:11:13	2812	2562	2718	183	0	0	0	0	0	0	0	2812	2750	2568	2506	2718	2306	3	0	1	198	178	1535	126	154	0	
19:11:14	2818	2562	2718	183	0	0	0	0	0	0	0	2818	2750	2568	2506	2725	2306	3	0	1	198	178	1936	275	154	0	
19:11:15	2818	2562	2725	183	0	0	0	0	0	0	0	2818	2750	2568	2506	2725	2306	3	0	1	198	178	1486	175	155	0	
19:11:16	2812	2568	2731	184	0	0	0	0	0	0	0	2818	2750	2568	2506	2731	2306	3	0	1	198	178	0	1661	156	1	
19:11:17	2818	2568	2731	183	0	0	0	0	0	0	0	2818	2750	2568	2506	2731	2306	3	0	1	198	178	1584	77	156	0	
19:11:18	2818	2562	2731	183	0	0	0	0	0	0	0	2818	2750	2568	2506	2731	2306	3	0	1	198	178	1796	135	156	0	
19:11:19	2818	2568	2737	184	0	0	0	0	0	0	0	2818	2750	2568	2506	2737	2306	3	0	1	198	178	1583	78	158	0	
19:11:20	2812	2562	2737	184	0	0	0	0	0	0	0	2818	2750	2568	2506	2737	2306	3	0	1	198	178	1470	191	158	0	
19:11:21	2812	2562	2737	184	0	0	0	0	0	0	0	2818	2750	2568	2506	2737	2306	3	0	1	198	178	0	1661	159	1	
19:11:22	2812	2562	2743	184	0	0	0	0	0	0	0	2818	2750	2568	2506	2743	2306	3	0	1	198	178	1463	198	162	0	
19:11:23	2818	2568	2750	183	0	0	0	0	0	0	0	2818	2750	2568	2506	2750	2306	3	0	1	198	178	1600	61	162	0	
19:11:24	2812	2562	2750	184	0	0	0	0	0	0	0	2818	2750	2568	2506	2750	2306	3	0	1	198	178	1471	190	163	0	
19:11:25	2812	2562	2750	183	0	0	0	0	0	0	0	2818	2750	2568	2506	2750	2306	3	0	1	198	178	1661	0	163	0	
19:11:26	2812	2568	2750	183	0	0	0	0	0	0	0	2818	2750	2568	2506	2750	2306	3	0	1	198	178	1585	76	164	0	
19:11:27	2818	2562	2750	184	0	0	0	0	0	0	0	2818	2750	2568	2506	2750	2306	3	0	1	198	178	1718	57	165	0	
19:11:28	2818	2568	2756	183	0	0	0	0	0	0	0	2818	2750	2568	2506	2756	2306	3	0	1	198	178	1653	8	167	0	
19:11:29	2818	2568	2762	183	0	0	0	0	0	0	0	2818	2750	2568	2506	2762	2306	3	0	1	198	178	1840	179	168	0	
19:11:30	2818	2568	2762	184	0	0	0	0	0	0	0	2818	2750	2568	2506	2762	2306	3	0	1	198	178	1419	242	168	0	
19:11:31	2818	2562	2762	183	0	0	0	0	0	0	0	2818	2750	2568	2506	2762	2306	3	0	1	198	178	0	1661	170	1	
19:11:32	2812	2568	2768	183	0	0	0	0	0	0	0	2818	2750	2568	2506	2768	2306	3	0	1	198	178	1800	139	171	0	
19:11:33	2818	2568	2768	183	0	0	0	0	0	0	0	2818	2750	2568	2506	2768	2306	3	0	1	198	178	1726	65	172	0	
19:11:34	2818	2568	2768	183	0	0	0	0	0	0	0	2818	2750	2568	2506	2768	2306	3	0	1	198	178	1582	79	173	0	
19:11:35	2818	2568	2775	184	0	0	0	0	0	0	0	2818	2750	2568	2506	2775	2306	3	0	1	198	178	1663	2	173	0	
19:11:36	2818	2568	2775	184	0	0	0	0	0	0	0	2818	2750	2568	2506	2775	2306	3	0	1	198	178	0	1661	173	1	
19:11:37	2818	2568	2781	185	0	0	0	0	0	0	0	2818	2750	2568	2506	2781	2306	3	0	1	198	178	901	760	174	0	
19:11:38	2818	2568	2781	184	0	0	0	0	0	0	0	2818	2750	2568	2506	2781	2306	3	0	1	198	178	2753	1092	175	0	
19:11:40	2818	2568	2787	184	0	0	0	0	0	0	0	2818	2750	2568	2506	2787	2306	3	0	1	198	178	1535	126	175	0	
19:11:41	2818	2568	2787	182	0	0	0	0	0	0	0	2818	2750	2568	2506	2787	2306	3	0	1	198	178	1654	7	177	0	
19:11:42	2818	2568	2787	184	0	0	0	0	0	0	0	2818	2750	2568	2506	2787	2306	3	0	1	198	178	1598	63	180	0	
19:11:43	2818	2568	2793	183	0	0	0	0	0	0	0	2818	2750	2568	2506	2793	2306	3	0	1	198	178	1593	68	181	0	
19:11:44	2818	2568	2793	184	0	0	0	0	0	0	0	2818	2750	2568	2506	2793	2306	3	0	1	198	178	1557	104	182	0	
19:11:45	2818	2568	2793	185	0	0	0	0	0	0	0	2818	2750	2568	2506	2793	2306	3	0	1	198	178	1875	214	182	0	
19:11:46	2818	2568	2800	183	0	0	0	0	0	0	0	2818	2750	2568	2506	2800	2306	3	0	1	198	178	1691	30	182	0	
19:11:47	2818	2568	2800	184	0	0	0	0	0	0	0	2818	2750	2568	2506	2800	2306	3	0	1	198	178	1458	203	182	0	
19:11:48	2818	2568	2806	184	0	0	0	0	0	0	0	2818	2750	2568	2506	2806	2306	3	0	1	198	178	1565	96	183	0	
19:11:49	2818	2568	2806	183	0	0	0	0	0	0	0	2818	2750	2568	2506	2806	2306	3	0	1	198	178	1604	57	185	0	
19:11:50	2818	2568	2806	185	0	0	0	0	0	0	0	2818	2750	2568	2506	2806	2306	3	0	1	198	178	0	1661	186	1	
19:11:51	2818	2568	2812	182	0	0	0	0	0	0	0	2818	2750	2568	2506	2812	2306	3	0	1	198	178	2144	483	188	0	
19:11:52	2818	2568	2812	183	0	0	0	0	0	0	0	2818	2750	2568	2506	2812	2306	3	0	1	198	178	0	1661	190	1	
19:11:53	2818	2568	2818	184	0	0	0	0	0	0	0	2818	2750	2568	2506	2818	2306	3	0	1	198	178	1568	93	191	0	
19:11:54	2818	2568	2818	184	0	0	0	0	0	0	0	2818	2750	2568	2506	2818	2306	3	0	1	198	178	1535	126	193	0	
19:11:55	2818	2568	2818	183	0	0	0	0	0	0	0	2818	2750	2568	2506	2818	2306	3	0	1	198	178	1689	28	193	0	
19:11:56	2818	2568	2825	184	0	0	0	0	0	0	0	2818	2750	2568	2506	2825	2306	3	0	1	198	178	1582	79	193	0	
19:11:57	2825	2568	2825	184	0	0	0	0	0	0	0	2825	2750	2568	2506	2825	2306	3	0	1	198	178	1658	3	194	0	
19:11:58	2818	2568	2831	183	0	0	0	0	0	0	0	2825	2750	2568	2506	2831	2306	3	0	1	198	178	0	1661	195	1	
19:11:59	2818	2568	2831	183	0	0	0	0	0	0	0	2825	2750	2568	2506	2831	2306	3	0	1	198	178	1798	137	196	0	
19:12:00	2825	2568	2831	184	0	0	0	0	0	0	0	2825	2750	2568	2506	2831	2306	3	0	1	198	178	1867	206	196	0	
19:12:02	2825	2568	2837	183	0	0	0	0	0	0	0	2825	2750	2568	2506	2837	2306	3	0	1	198	178	1520	141	196	0	
19:12:03	2825	2568	2837	183	0	0	0	0	0	0	0	2825	2750	2568	2506	2837	2306	3	0	1	198	178	1486	175	196	0	
19:12:04	2825	2568	2843	183	0	0	0	0	0	0	0	2825	2750	2568	2506	2843	2306	3	0	1	198	178	943	718	196	0	
19:12:05	2825	2568	2843	184	0	0	0	0	0	0	0	2825	2750	2568	2506	2843	2306	3	0	1	198	178	370	1291	197	0	
19:12:06	2818	2575	2843	183	0	0	0	0	0	0	0	2825	2750	2575	2506	2843	2306	3	0	1	198	178	1707	46	197	0	
19:12:07	2818	2568	2850	182	0	0	0	0	0	0	0	2825	2750	2575	2506	2850	2306	3	0	1	198	178	1811	150	198	0	
19:12:08	2825	2568	2850	184	0	0	0	0	0	0	0	2825	2750	2575	2506	2850	2306	3	0	1	198	178	1495	166	198	0	
19:12:09	2825	2568	2850	183	0	0	0	0	0	0	0	2825	2750	2575	2506	2850	2306	3	0	1	198	178	1502	159	199	0	
19:12:10	2825	2575	2856	183	0	0	0	0	0	0	0	2825	2750	2575	2506	2856	2306	3	0	1	198	178	593	1068	199	0	
19:12:11	2825	2568	2856	183	0	0	0	0	0	0	0	2825	2750	2575	2506	2856	2306	3	0	1	198	178	1509	152	201	0	
19:12:12	2825	2568	2862	184	0	0	0	0	0	0	0	2825	2750	2575	2506	2862	2306	3	0	1	198	178	1627	34	204	0	
19:12:13	2825	2575	2862	184	0	0	0	0	0	0	0	2825	2750	2575	2506	2862	2306	3	0	1	198	178	0	1661	204	1	
19:12:14	2825	2575	2862	183	0	0	0	0	0	0	0	2825	2750	2575	2506	2862	2306	3	0	1	198	178	1535	126	205	0	
19:12:15	2825	2568	2868	185	0	0	0	0	0	0	0	2825	2750	2575	2506	2868	2306	3	0	1	198	178	1767	106	206	0	
19:12:16	2825	2568	2868	183	0	0	0	0	0	0	0	2825	2750	2575	2506	2868	2306	3	0	1	198	178	1614	47	206	0	
19:12:17	2825	2575	2868	183	0	0	0	0	0	0	0	2825	2750	2575	2506	2868	2306	3	0	1	198	178	1847	186	206	0	
19:12:18	2825	2568	2875	184	0	0	0	0	0	0	0	2825	2750	2575	2506	2875	2306	3	0	1	198	178	370	1291	207	0	
19:12:19	2825	2568	2875	183	0	0	0	0	0	0	0	2825	2750	2575	2506	2875	2306	3	0	1	198	178	1659	2	208	0	
19:12:20	2825	2568	2875	183	0	0	0	0	0	0	0	2825	2750	2575	2506	2875	2306	3	0	1	198	178	1328	333	210	0	
19:12:21	2818	2575	2881	182	0	0	0	0	0	0	0	2825	2750	2575	2506	2881	2306	3	0	1	198	178	1582	79	211	0	
19:12:22	2825	2575	2881	182	0	0	0	0	0	0	0	2825	2750	2575	2506	2881	2306	3	0	1	198	178	1530	131	211	0	
19:12:23	2825	2568	2881	184	0	0	0	0	0	0	0	2825	2750	2575	2506	2881	2306	3	0	1	198	178	1621	40	211	0	
19:12:24	2831	2575	2887	184	0	0	0	0	0	0	0	2831	2750	2575	2506	2887	2306	3	0	1	198	178	466	1195	211	0	
19:12:25	2825	2568	2887	184	0	0	0	0	0	0	0	2831	2750	2575	2506	2887	2306	3	0	1	198	178	1586	75	211	0	
19:12:26	2825	2568	2887	184	0	0	0	0	0	0	0	2831	2750	2575	2506	2887	2306	3	0	1	198	178	0	1661	213	1	
19:12:27	2825	2575	2893	181	0	0	0	0	0	0	0	2831	2750	2575	2506	2893	2306	3	0	1	198	178	1636	25	214	0	
19:12:28	2825	2575	2893	183	0	0	0	0	0	0	0	2831	2750	2575	2506	2893	2306	3	0	1	198	178	1642	19	215	0	
19:12:30	2825	2568	2900	185	0	0	0	0	0	0	0	2831	2750	2575	2506	2900	2306	3	0	1	198	178	1316	345	215	0	
19:12:31	2825	2568	2900	184	0	0	0	0	0	0	0	2831	2750	2575	2506	2900	2306	3	0	1	198	178	1769	108	215	0	
19:12:32	2825	2575	2900	184	0	0	0	0	0	0	0	2831	2750	2575	2506	2900	2306	3	0	1	198	178	993	668	215	0	
19:12:33	2825	2568	2900	182	0	0	0	0	0	0	0	2831	2750	2575	2506	2900	2306	3	0	1	198	178	1675	14	215	0	
19:12:34	2825	2575	2906	184	0	0	0	0	0	0	0	2831	2750	2575	2506	2906	2306	3	0	1	198	178	1728	67	215	0	
19:12:35	2831	2575	2906	184	0	0	0	0	0	0	0	2831	2750	2575	2506	2906	2306	3	0	1	198	178	1723	62	215	0	
19:12:36	2825	2568	2912	183	0	0	0	0	0	0	0	2831	2750	2575	2506	2912	2306	3	0	1	198	178	1845	184	216	0	
19:12:37	2825	2575	2912	182	0	0	0	0	0	0	0	2831	2750	2575	2506	2912	2306	3	0	1	198	178	1569	92	218	0	
19:12:38	2825	2575	2912	184	0	0	0	0	0	0	0	2831	2750	2575	2506	2912	2306	3	0	1	198	178	1525	136	218	0	
19:12:39	2825	2575	2918	183	0	0	0	0	0	0	0	2831	2750	2575	2506	2918	2306	3	0	1	198	178	1424	237	220	0	
19:12:40	2825	2575	2918	184	0	0	0	0	0	0	0	2831	2750	2575	2506	2918	2306	3	0	1	198	178	605	1056	221	0	
19:12:41	2825	2568	2918	184	0	0	0	0	0	0	0	2831	2750	2575	2506	2918	2306	3	0	1	198	178	1678	17	222	0	
19:12:42	2831	2575	2925	183	0	0	0	0	0	0	0	2831	2750	2575	2506	2925	2306	3	0	1	198	178	1413	248	224	0	
19:12:43	2831	2575	2925	184	0	0	0	0	0	0	0	2831	2750	2575	2506	2925	2306	3	0	1	198	178	1486	175	224	0	
19:12:44	2825	2575	2925	183	0	0	0	0	0	0	0	2831	2750	2575	2506	2925	2306	3	0	1	198	178	1817	156	224	0	
19:12:45	2825	2575	2931	184	0	0	0	0	0	0	0	2831	2750	2575	2506	2931	2306	3	0	1	198	178	197	1464	226	0	
19:12:46	2831	2575	2931	182	0	0	0	0	0	0	0	2831	2750	2575	2506	2931	2306	3	0	1	198	178	1333	328	226	0	
19:12:47	2831	2575	2931	184	0	0	0	0	0	0	0	2831	2750	2575	2506	2931	2306	3	0	1	198	178	815	846	226	0	
19:12:48	2831	2575	2937	183	0	0	0	0	0	0	0	2831	2750	2575	2506	2937	2306	3	0	1	198	178	1641	20	226	0	
19:12:49	2831	2575	2937	184	0	0	0	0	0	0	0	2831	2750	2575	2506	2937	2306	3	0	1	198	178	1509	152	227	0	
19:12:50	2831	2575	2937	184	0	0	0	0	0	0	0	2831	2750	2575	2506	2937	2306	3	0	1	198	178	1745	84	228	0	
19:12:51	2831	2575	2943	184	0	0	0	0	0	0	0	2831	2750	2575	2506	2943	2306	3	0	1	198	178	1648	13	228	0	
19:12:52	2831	2575	2943	184	0	0	0	0	0	0	0	2831	2750	2575	2506	2943	2306	3	0	1	198	178	978	683	228	0	
19:12:53	2831	2575	2950	184	0	0	0	0	0	0	0	2831	2750	2575	2506	2950	2306	3	0	1	198	178	1447	214	229	0	
19:12:54	2831	2575	2950	184	0	0	0	0	0	0	0	2831	2750	2575	2506	2950	2306	3	0	1	198	178	1595	66	231	0	
19:12:55	2831	2575	2950	183	0	0	0	0	0	0	0	2831	2750	2575	2506	2950	2306	3	0	1	198	178	0	1661	232	1	
19:12:56	2831	2575	2956	182	0	0	0	0	0	0	0	2831	2750	2575	2506	2956	2306	3	0	1	198	178	1471	190	233	0	
19:12:57	2831	2575	2956	183	0	0	0	0	0	0	0	2831	2750	2575	2506	2956	2306	3	0	1	198	178	1713	52	234	0	
19:12:59	2831	2575	2962	182	0	0	0	0	0	0	0	2831	2750	2575	2506	2962	2306	3	0	1	198	178	1705	44	234	0	
19:13:00	2831	2575	2962	183	0	0	0	0	0	0	0	2831	2750	2575	2506	2962	2306	3	0	1	198	178	1584	77	234	0	
19:13:01	2831	2575	2968	182	0	0	0	0	0	0	0	2831	2750	2575	2506	2968	2306	3	0	1	198	178	1653	8	234	0	
19:13:02	2831	2575	2968	183	0	0	0	0	0	0	0	2831	2750	2575	2506	2968	2306	3	0	1	198	178	1566	95	234	0	
19:13:03	2831	2575	2975	183	0	0	0	0	0	0	0	2831	2750	2575	2506	2975	2306	3	0	1	198	178	1435	226	234	0	
19:13:04	2831	2575	2975	183	0	0	0	0	0	0	0	2831	2750	2575	2506	2975	2306	3	0	1	198	178	1613	48	234	0	
19:13:05	2831	2575	2981	183	0	0	0	0	0	0	0	2831	2750	2575	2506	2981	2306	3	0	1	198	178	1815	154	236	0	
19:13:06	2831	2581	2981	184	0	0	0	0	0	0	0	2831	2750	2581	2506	2981	2306	3	0	1	198	178	2297	636	238	0	
19:13:07	2831	2575	2981	183	0	0	0	0	0	0	0	2831	2750	2581	2506	2981	2306	3	0	1	198	178	0	1661	239	1	
19:13:08	2831	2581	2981	183	0	0	0	0	0	0	0	2831	2750	2581	2506	2981	2306	3	0	1	198	178	1318	343	239	0	
19:13:09	2831	2575	2987	183	0	0	0	0	0	0	0	2831	2750	2581	2506	2987	2306	3	0	1	198	178	0	1661	239	1	
19:13:10	2831	2575	2993	182	0	0	0	0	0	0	0	2831	2750	2581	2506	2993	2306	3	0	1	198	178	1901	240	239	0	
19:13:11	2831	2581	2993	184	0	0	0	0	0	0	0	2831	2750	2581	2506	2993	2306	3	0	1	198	178	1712	51	241	0	
19:13:12	2831	2575	2993	183	0	0	0	0	0	0	0	2831	2750	2581	2506	2993	2306	3	0	1	198	178	1472	189	241	0	
19:13:13	2831	2575	3000	183	0	0	0	0	0	0	0	2831	2750	2581	2506	3000	2306	3	0	1	198	178	1616	45	242	0	
19:13:14	2831	2575	3000	183	0	0	0	0	0	0	0	2831	2750	2581	2506	3000	2306	3	0	1	198	178	1727	66	243	0	
19:13:15	2831	2575	3006	183	0	0	0	0	0	0	0	2831	2750	2581	2506	3006	2306	3	0	1	198	178	1738	77	243	0	
19:13:16	2831	2575	3012	183	0	0	0	0	0	0	0	2831	2750	2581	2506	3012	2306	3	0	1	198	178	979	682	245	0	
19:13:17	2837	2575	3012	183	0	0	0	0	0	0	0	2837	2750	2581	2506	3012	2306	3	0	1	198	178	0	1661	246	1	
19:13:18	2831	2575	3018	182	0	0	0	0	0	0	0	2837	2750	2581	2506	3018	2306	3	0	1	198	178	1582	79	247	0	
19:13:19	2831	2575	3018	183	0	0	0	0	0	0	0	2837	2750	2581	2506	3018	2306	3	0	1	198	178	496	1165	248	0	
19:13:20	2837	2575	3018	184	0	0	0	0	0	0	0	2837	2750	2581	2506	3018	2306	3	0	1	198	178	1687	26	248	0	
19:13:21	2831	2575	3025	184	0	0	0	0	0	0	0	2837	2750	2581	2506	3025	2306	3	0	1	198	178	1524	137	249	0	
19:13:23	2837	2575	3025	183	0	0	0	0	0	0	0	2837	2750	2581	2506	3025	2306	3	0	1	198	178	1685	24	250	0	
19:13:24	2831	2581	3025	183	0	0	0	0	0	0	0	2837	2750	2581	2506	3025	2306	3	0	1	198	178	1591	70	250	0	
19:13:25	2837	2575	3031	182	0	0	0	0	0	0	0	2837	2750	2581	2506	3031	2306	3	0	1	198	178	1648	13	250	0	
19:13:26	2831	2581	3031	183	0	0	0	0	0	0	0	2837	2750	2581	2506	3031	2306	3	0	1	198	178	1389	272	250	0	
19:13:27	2831	2575	3037	184	0	0	0	0	0	0	0	2837	2750	2581	2506	3037	2306	3	0	1	198	178	287	1374	250	0	
19:13:28	2837	2575	3037	184	0	0	0	0	0	0	0	2837	2750	2581	2506	3037	2306	3	0	1	198	178	1681	20	251	0	
19:13:29	2831	2581	3037	184	0	0	0	0	0	0	0	2837	2750	2581	2506	3037	2306	3	0	1	198	178	1862	201	252	0	
19:13:30	2837	2581	3037	183	0	0	0	0	0	0	0	2837	2750	2581	2506	3037	2306	3	0	1	198	178	1706	45	252	0	
19:13:31	2831	2581	3043	184	0	0	0	0	0	0	0	2837	2750	2581	2506	3043	2306	3	0	1	198	178	1535	126	253	0	
19:13:32	2837	2581	3050	183	0	0	0	0	0	0	0	2837	2750	2581	2506	3050	2306	3	0	1	198	178	1786	125	253	0	
19:13:33	2831	2575	3050	182	0	0	0	0	0	0	0	2837	2750	2581	2506	3050	2306	3	0	1	198	178	1651	10	254	0	
19:13:34	2837	2581	3050	183	0	0	0	0	0	0	0	2837	2750	2581	2506	3050	2306	3	0	1	198	178	1505	156	255	0	
19:13:35	2837	2575	3050	183	0	0	0	0	0	0	0	2837	2750	2581	2506	3050	2306	3	0	1	198	178	203	1458	0	0	
19:13:36	2837	2581	3056	183	0	0	0	0	0	0	0	2837	2750	2581	2506	3056	2306	3	0	1	198	178	1695	34	1	0	
19:13:37	2837	2581	3062	183	0	0	0	0	0	0	0	2837	2750	2581	2506	3062	2306	3	0	1	198	178	1744	83	3	0	
19:13:38	2837	2581	3062	184	0	0	0	0	0	0	0	2837	2750	2581	2506	3062	2306	3	0	1	198	178	1732	71	4	0	
19:13:39	2837	2581	3062	183	0	0	0	0	0	0	0	2837	2750	2581	2506	3062	2306	3	0	1	198	178	1479	182	4	0	
19:13:40	2837	2581	3068	183	0	0	0	0	0	0	0	2837	2750	2581	2506	3068	2306	3	0	1	198	178	1711	50	5	0	
19:13:41	2837	2581	3068	184	0	0	0	0	0	0	0	2837	2750	2581	2506	3068	2306	3	0	1	198	178	1943	282	6	0	
19:13:42	2837	2581	3068	183	0	0	0	0	0	0	0	2837	2750	2581	2506	3068	2306	3	0	1	198	178	1855	194	6	0	
19:13:43	2831	2581	3075	184	0	0	0	0	0	0	0	2837	2750	2581	2506	3075	2306	3	0	1	198	178	1061	600	8	0	
19:13:44	2837	2581	3075	185	0	0	0	0	0	0	0	2837	2750	2581	2506	3075	2306	3	0	1	198	178	1619	42	8	0	
19:13:45	2843	2581	3081	183	0	0	0	0	0	0	0	2843	2750	2581	2506	3081	2306	3	0	1	198	178	1573	88	10	0	
19:13:46	2837	2581	3081	184	0	0	0	0	0	0	0	2843	2750	2581	2506	3081	2306	3	0	1	198	178	1383	278	10	0	
19:13:47	2837	2581	3081	183	0	0	0	0	0	0	0	2843	2750	2581	2506	3081	2306	3	0	1	198	178	1910	249	10	0	
19:13:49	2837	2581	3087	183	0	0	0	0	0	0	0	2843	2750	2581	2506	3087	2306	3	0	1	198	178	1911	250	10	0	
19:13:50	2837	2587	3087	184	0	0	0	0	0	0	0	2843	2750	2587	2506	3087	2306	3	0	1	198	178	1590	71	10	0	
19:13:51	2837	2581	3087	184	0	0	0	0	0	0	0	2843	2750	2587	2506	3087	2306	3	0	1	198	178	1102	559	10	0	
19:13:52	2837	2581	3093	183	0	0	0	0	0	0	0	2843	2750	2587	2506	3093	2306	3	0	1	198	178	0	1661	11	1	
19:13:53	2837	2581	3093	185	0	0	0	0	0	0	0	2843	2750	2587	2506	3093	2306	3	0	1	198	178	1211	450	12	0	
19:13:54	2837	2581	3100	183	0	0	0	0	0	0	0	2843	2750	2587	2506	3100	2306	3	0	1	198	178	1699	38	12	0	
19:13:55	2837	2575	3100	183	0	0	0	0	0	0	0	2843	2750	2587	2506	3100	2306	3	0	1	198	178	1590	71	12	0	
19:13:56	2837	2581	3100	183	0	0	0	0	0	0	0	2843	2750	2587	2506	3100	2306	3	0	1	198	178	2706	1045	13	0	
19:13:57	2837	2575	3100	184	0	0	0	0	0	0	0	2843	2750	2587	2506	3100	2306	3	0	1	198	178	1681	20	16	0	
19:13:58	2837	2581	3106	183	0	0	0	0	0	0	0	2843	2750	2587	2506	3106	2306	3	0	1	198	178	417	1244	16	0	
19:13:59	2843	2581	3106	184	0	0	0	0	0	0	0	2843	2750	2587	2506	3106	2306	3	0	1	198	178	1670	9	16	0	
19:14:00	2843	2581	3112	184	0	0	0	0	0	0	0	2843	2750	2587	2506	3112	2306	3	0	1	198	178	1810	149	16	0	
19:14:01	2843	2581	3112	182	0	0	0	0	0	0	0	2843	2750	2587	2506	3112	2306	3	0	1	198	178	1687	26	16	0	
19:14:02	2843	2581	3112	184	0	0	0	0	0	0	0	2843	2750	2587	2506	3112	2306	3	0	1	198	178	1633	28	16	0	
19:14:03	2837	2581	3118	184	0	0	0	0	0	0	0	2843	2750	2587	2506	3118	2306	3	0	1	198	178	1520	141	17	0	
19:14:04	2837	2581	3118	183	0	0	0	0	0	0	0	2843	2750	2587	2506	3118	2306	3	0	1	198	178	1446	215	17	0	
19:14:05	2843	2581	3118	184	0	0	0	0	0	0	0	2843	2750	2587	2506	3118	2306	3	0	1	198	178	1278	383	17	0	
19:14:06	2843	2581	3125	183	0	0	0	0	0	0	0	2843	2750	2587	2506	3125	2306	3	0	1	198	178	1500	161	17	0	
19:14:07	2843	2581	3125	184	0	0	0	0	0	0	0	2843	2750	2587	2506	3125	2306	3	0	1	198	178	1530	131	18	0	
19:14:08	2843	2587	3131	183	0	0	0	0	0	0	0	2843	2750	2587	2506	3131	2306	3	0	1	198	178	1615	46	18	0	
19:14:09	2843	2581	3131	184	0	0	0	0	0	0	0	2843	2750	2587	2506	3131	2306	3	0	1	198	178	1616	45	19	0	
19:14:10	2843	2587	3137	183	0	0	0	0	0	0	0	2843	2750	2587	2506	3137	2306	3	0	1	198	178	1515	146	19	0	
19:14:11	2843	2581	3137	183	0	0	0	0	0	0	0	2843	2750	2587	2506	3137	2306	3	0	1	198	178	1502	159	21	0	
19:14:12	2843	2587	3137	183	0	0	0	0	0	0	0	2843	2750	2587	2506	3137	2306	3	0	1	198	178	0	1661	22	1	
19:14:13	2837	2581	3143	184	0	0	0	0	0	0	0	2843	2750	2587	2506	3143	2306	3	0	1	198	178	1472	189	22	0	
19:14:14	2843	2581	3143	184	0	0	0	0	0	0	0	2843	2750	2587	2506	3143	2306	3	0	1	198	178	1530	131	22	0	
19:14:15	2843	2581	3143	183	0	0	0	0	0	0	0	2843	2750	2587	2506	3143	2306	3	0	1	198	178	1808	147	22	0	
19:14:17	2843	2581	3150	183	0	0	0	0	0	0	0	2843	2750	2587	2506	3150	2306	3	0	1	198	178	1609	52	23	0	
19:14:18	2843	2581	3150	184	0	0	0	0	0	0	0	2843	2750	2587	2506	3150	2306	3	0	1	198	178	1641	20	24	0	
19:14:19	2843	2581	3156	182	0	0	0	0	0	0	0	2843	2750	2587	2506	3156	2306	3	0	1	198	178	457	1204	24	0	
19:14:20	2843	2581	3156	184	0	0	0	0	0	0	0	2843	2750	2587	2506	3156	2306	3	0	1	198	178	1535	126	25	0	
19:14:21	2843	2581	3156	184	0	0	0	0	0	0	0	2843	2750	2587	2506	3156	2306	3	0	1	198	178	1633	28	25	0	
19:14:22	2843	2587	3162	183	0	0	0	0	0	0	0	2843	2750	2587	2506	3162	2306	3	0	1	198	178	0	1661	26	1	
19:14:23	2843	2581	3162	183	0	0	0	0	0	0	0	2843	2750	2587	2506	3162	2306	3	0	1	198	178	1808	147	27	0	
19:14:24	2843	2587	3168	184	0	0	0	0	0	0	0	2843	2750	2587	2506	3168	2306	3	0	1	198	178	1619	42	27	0	
19:14:25	2843	2587	3168	184	0	0	0	0	0	0	0	2843	2750	2587	2506	3168	2306	3	0	1	198	178	1671	10	28	0	
19:14:26	2843	2587	3168	183	0	0	0	0	0	0	0	2843	2750	2587	2506	3168	2306	3	0	1	198	178	1743	82	29	0	
19:14:27	2843	2587	3168	184	0	0	0	0	0	0	0	2843	2750	2587	2506	3168	2306	3	0	1	198	178	1589	72	30	0	
19:14:28	2843	2581	3175	182	0	0	0	0	0	0	0	2843	2750	2587	2506	3175	2306	3	0	1	198	178	1462	199	30	0	
19:14:29	2843	2581	3175	183	0	0	0	0	0	0	0	2843	2750	2587	2506	3175	2306	3	0	1	198	178	1652	9	31	0	
19:14:30	2850	2587	3181	182	0	0	0	0	0	0	0	2850	2750	2587	2506	3181	2306	3	0	1	198	178	1591	70	34	0	
19:14:31	2843	2587	3181	183	0	0	0	0	0	0	0	2850	2750	2587	2506	3181	2306	3	0	1	198	178	966	695	34	0	
19:14:32	2850	2587	3181	184	0	0	0	0	0	0	0	2850	2750	2587	2506	3181	2306	3	0	1	198	178	1594	67	35	0	
19:14:33	2843	2587	3187	184	0	0	0	0	0	0	0	2850	2750	2587	2506	3187	2306	3	0	1	198	178	1633	28	36	0	
19:14:34	2843	2587	3187	183	0	0	0	0	0	0	0	2850	2750	2587	2506	3187	2306	3	0	1	198	178	1695	34	37	0	
19:14:35	2850	2587	3187	183	0	0	0	0	0	0	0	2850	2750	2587	2506	3187	2306	3	0	1	198	178	1614	47	37	0	
19:14:36	2843	2581	3193	183	0	0	0	0	0	0	0	2850	2750	2587	2506	3193	2306	3	0	1	198	178	1711	50	37	0	
19:14:37	2850	2587	3193	183	0	0	0	0	0	0	0	2850	2750	2587	2506	3193	2306	3	0	1	198	178	0	1661	38	1	
19:14:38	2843	2581	3200	183	0	0	0	0	0	0	0	2850	2750	2587	2506	3200	2306	3	0	1	198	178	1533	128	38	0	
19:14:39	2843	2581	3200	184	0	0	0	0	0	0	0	2850	2750	2587	2506	3200	2306	3	0	1	198	178	1563	98	39	0	
19:14:40	2850	2587	3200	184	0	0	0	0	0	0	0	2850	2750	2587	2506	3200	2306	3	0	1	198	178	1075	586	42	0	
19:14:41	2850	2587	3200	183	0	0	0	0	0	0	0	2850	2750	2587	2506	3200	2306	3	0	1	198	178	1876	215	43	0	
19:14:42	2850	2587	3206	184	0	0	0	0	0	0	0	2850	2750	2587	2506	3206	2306	3	0	1	198	178	1680	19	43	0	
19:14:43	2850	2581	3206	184	0	0	0	0	0	0	0	2850	2750	2587	2506	3206	2306	3	0	1	198	178	0	1661	44	1	
19:14:44	2850	2587	3206	183	0	0	0	0	0	0	0	2850	2750	2587	2506	3206	2306	3	0	1	198	178	1519	142	45	0	
19:14:45	2850	2587	3212	183	0	0	0	0	0	0	0	2850	2750	2587	2506	3212	2306	3	0	1	198	178	1106	555	46	0	
19:14:46	2850	2587	3212	183	0	0	0	0	0	0	0	2850	2750	2587	2506	3212	2306	3	0	1	198	178	1826	165	46	0	
19:14:48	2850	2587	3218	183	0	0	0	0	0	0	0	2850	2750	2587	2506	3218	2306	3	0	1	198	178	1930	269	46	0	
19:14:49	2850	2587	3218	184	0	0	0	0	0	0	0	2850	2750	2587	2506	3218	2306	3	0	1	198	178	1426	235	46	0	
19:14:50	2850	2587	3218	183	0	0	0	0	0	0	0	2850	2750	2587	2506	3218	2306	3	0	1	198	178	1793	132	48	0	
19:14:51	2850	2587	3218	183	0	0	0	0	0	0	0	2850	2750	2587	2506	3218	2306	3	0	1	198	178	1584	77	48	0	
19:14:52	2850	2587	3225	184	0	0	0	0	0	0	0	2850	2750	2587	2506	3225	2306	3	0	1	198	178	1674	13	50	0	
19:14:53	2843	2587	3225	184	0	0	0	0	0	0	0	2850	2750	2587	2506	3225	2306	3	0	1	198	178	1758	97	50	0	
19:14:54	2850	2587	3225	184	0	0	0	0	0	0	0	2850	2750	2587	2506	3225	2306	3	0	1	198	178	2283	622	51	0	
19:14:55	2850	2593	3231	183	0	0	0	0	0	0	0	2850	2750	2593	2506	3231	2306	3	0	1	198	178	1703	42	51	0	
19:14:56	2850	2587	3231	183	0	0	0	0	0	0	0	2850	2750	2593	2506	3231	2306	3	0	1	198	178	0	1661	53	1	
19:14:57	2850	2587	3231	183	0	0	0	0	0	0	0	2850	2750	2593	2506	3231	2306	3	0	1	198	178	1626	35	53	0	
19:14:58	2850	2593	3237	183	0	0	0	0	0	0	0	2850	2750	2593	2506	3237	2306	3	0	1	198	178	1665	4	53	0	
19:14:59	2850	2587	3237	182	0	0	0	0	0	0	0	2850	2750	2593	2506	3237	2306	3	0	1	198	178	1627	34	53	0	
19:15:00	2850	2593	3237	183	0	0	0	0	0	0	0	2850	2750	2593	2506	3237	2306	3	0	1	198	178	1709	48	53	0	
19:15:01	2850	2587	3243	184	0	0	0	0	0	0	0	2850	2750	2593	2506	3243	2306	3	0	1	198	178	1691	30	53	0	
19:15:02	2850	2587	3243	183	0	0	0	0	0	0	0	2850	2750	2593	2506	3243	2306	3	0	1	198	178	1648	13	54	0	
19:15:03	2850	2587	3243	184	0	0	0	0	0	0	0	2850	2750	2593	2506	3243	2306	3	0	1	198	178	1686	25	55	0	
19:15:05	2850	2587	3250	184	0	0	0	0	0	0	0	2850	2750	2593	2506	3250	2306	3	0	1	198	178	1530	131	56	0	
19:15:06	2850	2587	3250	183	0	0	0	0	0	0	0	2850	2750	2593	2506	3250	2306	3	0	1	198	178	1586	75	56	0	
19:15:07	2850	2587	3250	183	0	0	0	0	0	0	0	2850	2750	2593	2506	3250	2306	3	0	1	198	178	1591	70	57	0	
19:15:08	2850	2587	3250	184	0	0	0	0	0	0	0	2850	2750	2593	2506	3250	2306	3	0	1	198	178	1475	186	57	0	
19:15:09	2850	2587	3256	183	0	0	0	0	0	0	0	2850	2750	2593	2506	3256	2306	3	0	1	198	178	1693	32	58	0	
19:15:10	2850	2587	3256	181	0	0	0	0	0	0	0	2850	2750	2593	2506	3256	2306	3	0	1	198	178	1647	14	58	0	
19:15:11	2850	2587	3262	183	0	0	0	0	0	0	0	2850	2750	2593	2506	3262	2306	3	0	1	198	178	1691	30	58	0	
19:15:12	2850	2587	3262	183	0	0	0	0	0	0	0	2850	2750	2593	2506	3262	2306	3	0	1	198	178	1621	40	58	0	
19:15:13	2856	2587	3262	184	0	0	0	0	0	0	0	2856	2750	2593	2506	3262	2306	3	0	1	198	178	1657	4	58	0	
19:15:14	2850	2587	3268	184	0	0	0	0	0	0	0	2856	2750	2593	2506	3268	2306	3	0	1	198	178	549	1112	58	0	
19:15:15	2850	2593	3268	183	0	0	0	0	0	0	0	2856	2750	2593	2506	3268	2306	3	0	1	198	178	1594	67	59	0	
19:15:16	2850	2587	3275	184	0	0	0	0	0	0	0	2856	2750	2593	2506	3275	2306	3	0	1	198	178	1613	48	59	0	
19:15:17	2850	2587	3275	184	0	0	0	0	0	0	0	2856	2750	2593	2506	3275	2306	3	0	1	198	178	0	1661	61	1	
19:15:18	2850	2593	3275	182	0	0	0	0	0	0	0	2856	2750	2593	2506	3275	2306	3	0	1	198	178	1589	72	62	0	
19:15:19	2850	2587	3281	185	0	0	0	0	0	0	0	2856	2750	2593	2506	3281	2306	3	0	1	198	178	1686	25	63	0	
19:15:20	2856	2587	3281	183	0	0	0	0	0	0	0	2856	2750	2593	2506	3281	2306	3	0	1	198	178	1726	65	63	0	
19:15:21	2850	2587	3281	184	0	0	0	0	0	0	0	2856	2750	2593	2506	3281	2306	3	0	1	198	178	1882	221	63	0	
19:15:22	2850	2587	3287	183	0	0	0	0	0	0	0	2856	2750	2593	2506	3287	2306	3	0	1	198	178	332	1329	64	0	
19:15:23	2856	2593	3287	184	0	0	0	0	0	0	0	2856	2750	2593	2506	3287	2306	3	0	1	198	178	2498	837	64	0	
19:15:24	2850	2587	3287	182	0	0	0	0	0	0	0	2856	2750	2593	2506	3287	2306	3	0	1	198	178	1535	126	64	0	
19:15:25	2850	2587	3287	184	0	0	0	0	0	0	0	2856	2750	2593	2506	3287	2306	3	0	1	198	178	1851	190	64	0	
19:15:26	2856	2587	3293	182	0	0	0	0	0	0	0	2856	2750	2593	2506	3293	2306	3	0	1	198	178	1693	32	64	0	
19:15:27	2856	2593	3293	184	0	0	0	0	0	0	0	2856	2750	2593	2506	3293	2306	3	0	1	198	178	1808	147	65	0	
19:15:28	2856	2587	3293	184	0	0	0	0	0	0	0	2856	2750	2593	2506	3293	2306	3	0	1	198	178	1583	78	66	0	
19:15:29	2850	2593	3300	183	0	0	0	0	0	0	0	2856	2750	2593	2506	3300	2306	3	0	1	198	178	1883	222	66	0	
19:15:30	2856	2593	3300	184	0	0	0	0	0	0	0	2856	2750	2593	2506	3300	2306	3	0	1	198	178	0	1661	66	1	
19:15:31	2856	2593	3300	184	0	0	0	0	0	0	0	2856	2750	2593	2506	3300	2306	3	0	1	198	178	1699	38	66	0	
19:15:33	2856	2593	3300	183	0	0	0	0	0	0	0	2856	2750	2593	2506	3300	2306	3	0	1	198	178	0	1661	67	1	
19:15:34	2856	2587	3306	184	0	0	0	0	0	0	0	2856	2750	2593	2506	3306	2306	3	0	1	198	178	1535	126	67	0	
19:15:35	2856	2593	3306	184	0	0	0	0	0	0	0	2856	2750	2593	2506	3306	2306	3	0	1	198	178	967	694	70	0	
19:15:36	2856	2593	3312	184	0	0	0	0	0	0	0	2856	2750	2593	2506	3312	2306	3	0	1	198	178	1755	94	71	0	
19:15:37	2856	2593	3312	182	0	0	0	0	0	0	0	2856	2750	2593	2506	3312	2306	3	0	1	198	178	1648	13	72	0	
19:15:38	2856	2593	3312	182	0	0	0	0	0	0	0	2856	2750	2593	2506	3312	2306	3	0	1	198	178	1606	55	72	0	
19:15:39	2856	2593	3312	184	0	0	0	0	0	0	0	2856	2750	2593	2506	3312	2306	3	0	1	198	178	1023	638	73	0	
19:15:40	2856	2593	3318	184	0	0	0	0	0	0	0	2856	2750	2593	2506	3318	2306	3	0	1	198	178	1665	4	74	0	
19:15:41	2856	2593	3318	183	0	0	0	0	0	0	0	2856	2750	2593	2506	3318	2306	3	0	1	198	178	1217	444	75	0	
19:15:42	2856	2593	3318	185	0	0	0	0	0	0	0	2856	2750	2593	2506	3318	2306	3	0	1	198	178	1490	171	76	0	
19:15:43	2856	2587	3318	184	0	0	0	0	0	0	0	2856	2750	2593	2506	3318	2306	3	0	1	198	178	1662	1	78	0	
19:15:44	2856	2593	3318	184	0	0	0	0	0	0	0	2856	2750	2593	2506	3318	2306	3	0	1	198	178	1743	82	79	0	
19:15:45	2856	2593	3325	185	0	0	0	0	0	0	0	2856	2750	2593	2506	3325	2306	3	0	1	198	178	1515	146	80	0	
19:15:46	2856	2593	3325	184	0	0	0	0	0	0	0	2856	2750	2593	2506	3325	2306	3	0	1	198	178	1818	157	80	0	
19:15:47	2856	2593	3331	185	0	0	0	0	0	0	0	2856	2750	2593	2506	3331	2306	3	0	1	198	178	0	1661	81	1	
19:15:48	2856	2593	3331	184	0	0	0	0	0	0	0	2856	2750	2593	2506	3331	2306	3	0	1	198	178	1773	112	83	0	
19:15:49	2856	2587	3331	184	0	0	0	0	0	0	0	2856	2750	2593	2506	3331	2306	3	0	1	198	178	1734	73	84	0	
19:15:50	2856	2587	3331	185	0	0	0	0	0	0	0	2856	2750	2593	2506	3331	2306	3	0	1	198	178	1858	197	86	0	
19:15:51	2862	2593	3331	183	0	0	0	0	0	0	0	2862	2750	2593	2506	3331	2306	3	0	1	198	178	1593	68	86	0	
19:15:52	2856	2593	3331	183	0	0	0	0	0	0	0	2862	2750	2593	2506	3331	2306	3	0	1	198	178	0	1661	87	1	
19:15:53	2856	2593	3331	183	0	0	0	0	0	0	0	2862	2750	2593	2506	3337	2306	3	0	1	198	178	1455	206	88	0	
19:15:54	2856	2593	3337	184	0	0	0	0	0	0	0	2862	2750	2593	2506	3337	2306	3	0	1	198	178	1478	183	89	0	
19:15:55	2856	2593	3337	184	0	0	0	0	0	0	0	2862	2750	2593	2506	3337	2306	3	0	1	198	178	0	1661	90	1	
19:15:56	2856	2600	3337	184	0	0	0	0	0	0	0	2862	2750	2600	2506	3337	2306	3	0	1	198	178	1667	6	91	0	
19:15:57	2862	2593	3337	183	0	0	0	0	0	0	0	2862	2750	2600	2506	3337	2306	3	0	1	198	178	1600	61	91	0	
19:15:58	2862	2593	3337	184	0	0	0	0	0	0	0	2862	2750	2600	2506	3337	2306	3	0	1	198	178	1617	44	92	0	
19:15:59	2856	2593	3337	184	0	0	0	0	0	0	0	2862	2750	2600	2506	3337	2306	3	0	1	198	178	1739	78	93	0	
19:16:00	2862	2593	3343	183	0	0	0	0	0	0	0	2862	2750	2600	2506	3343	2306	3	0	1	198	178	0	1661	94	1	
19:16:01	2862	2593	3343	184	0	0	0	0	0	0	0	2862	2750	2600	2506	3343	2306	3	0	1	198	178	1603	58	95	0	
19:16:03	2856	2593	3343	183	0	0	0	0	0	0	0	2862	2750	2600	2506	3343	2306	3	0	1	198	178	917	744	95	0	
19:16:04	2862	2600	3343	183	0	0	0	0	0	0	0	2862	2750	2600	2506	3343	2306	3	0	1	198	178	1725	64	96	0	
19:16:05	2862	2593	3343	184	0	0	0	0	0	0	0	2862	2750	2600	2506	3350	2306	3	0	1	198	178	2221	560	96	0	
19:16:06	2862	2593	3350	183	0	0	0	0	0	0	0	2862	2750	2600	2506	3350	2306	3	0	1	198	178	599	1062	97	0	
19:16:07	2862	2593	3350	184	0	0	0	0	0	0	0	2862	2750	2600	2506	3350	2306	3	0	1	198	178	1799	138	97	0	
19:16:08	2862	2593	3350	184	0	0	0	0	0	0	0	2862	2750	2600	2506	3350	2306	3	0	1	198	178	1346	315	99	0	
19:16:09	2862	2593	3350	183	0	0	0	0	0	0	0	2862	2750	2600	2506	3350	2306	3	0	1	198	178	1317	344	99	0	
19:16:10	2862	2593	3356	183	0	0	0	0	0	0	0	2862	2750	2600	2506	3356	2306	3	0	1	198	178	1653	8	100	0	
19:16:11	2862	2593	3356	183	0	0	0	0	0	0	0	2862	2750	2600	2506	3356	2306	3	0	1	198	178	1495	166	101	0	
19:16:12	2862	2593	3356	184	0	0	0	0	0	0	0	2862	2750	2600	2506	3356	2306	3	0	1	198	178	1579	82	101	0	
19:16:13	2862	2593	3362	184	0	0	0	0	0	0	0	2862	2750	2600	2506	3362	2306	3	0	1	198	178	1823	162	104	0	
19:16:14	2862	2593	3362	184	0	0	0	0	0	0	0	2862	2750	2600	2506	3362	2306	3	0	1	198	178	240	1421	104	0	
19:16:15	2862	2593	3362	184	0	0	0	0	0	0	0	2862	2750	2600	2506	3362	2306	3	0	1	198	178	1722	61	104	0	
19:16:16	2862	2593	3362	184	0	0	0	0	0	0	0	2862	2750	2600	2506	3362	2306	3	0	1	198	178	511	1150	108	0	
19:16:17	2862	2593	3362	183	0	0	0	0	0	0	0	2862	2750	2600	2506	3368	2306	3	0	1	198	178	1611	50	109	0	
19:16:18	2862	2593	3368	182	0	0	0	0	0	0	0	2862	2750	2600	2506	3368	2306	3	0	1	198	178	1758	97	111	0	
19:16:19	2862	2593	3368	183	0	0	0	0	0	0	0	2862	2750	2600	2506	3368	2306	3	0	1	198	178	1762	101	111	0	
19:16:20	2862	2593	3368	183	0	0	0	0	0	0	0	2862	2750	2600	2506	3368	2306	3	0	1	198	178	1891	230	112	0	
19:16:21	2862	2593	3368	183	0	0	0	0	0	0	0	2862	2750	2600	2506	3368	2306	3	0	1	198	178	1578	83	112	0	
19:16:22	2862	2593	3368	183	0	0	0	0	0	0	0	2862	2750	2600	2506	3368	2306	3	0	1	198	178	1486	175	112	0	
19:16:23	2862	2600	3375	182	0	0	0	0	0	0	0	2862	2750	2600	2506	3375	2306	3	0	1	198	178	1659	2	113	0	
19:16:24	2862	2593	3375	182	0	0	0	0	0	0	0	2862	2750	2600	2506	3375	2306	3	0	1	198	178	1762	101	113	0	
19:16:25	2862	2593	3375	183	0	0	0	0	0	0	0	2862	2750	2600	2506	3375	2306	3	0	1	198	178	1686	25	113	0	
19:16:26	2862	2593	3381	183	0	0	0	0	0	0	0	2862	2750	2600	2506	3381	2306	3	0	1	198	178	1593	68	115	0	
19:16:27	2862	2600	3381	183	0	0	0	0	0	0	0	2862	2750	2600	2506	3381	2306	3	0	1	198	178	0	1661	116	1	
19:16:28	2862	2600	3381	183	0	0	0	0	0	0	0	2862	2750	2600	2506	3381	2306	3	0	1	198	178	1375	286	116	0	
19:16:29	2862	2593	3381	184	0	0	0	0	0	0	0	2862	2750	2600	2506	3381	2306	3	0	1	198	178	1598	63	118	0	
19:16:31	2862	2600	3387	183	0	0	0	0	0	0	0	2862	2750	2600	2506	3387	2306	3	0	1	198	178	1712	51	118	0	
19:16:32	2862	2600	3387	183	0	0	0	0	0	0	0	2862	2750	2600	2506	3387	2306	3	0	1	198	178	1763	102	119	0	
19:16:33	2862	2593	3387	183	0	0	0	0	0	0	0	2862	2750	2600	2506	3387	2306	3	0	1	198	178	339	1322	119	0	
19:16:34	2862	2593	3387	183	0	0	0	0	0	0	0	2862	2750	2600	2506	3387	2306	3	0	1	198	178	961	700	120	0	
19:16:35	2862	2593	3393	182	0	0	0	0	0	0	0	2862	2750	2600	2506	3393	2306	3	0	1	198	178	1851	190	121	0	
19:16:36	2862	2593	3393	183	0	0	0	0	0	0	0	2862	2750	2600	2506	3393	2306	3	0	1	198	178	2063	402	122	0	
19:16:37	2862	2600	3393	184	0	0	0	0	0	0	0	2862	2750	2600	2506	3393	2306	3	0	1	198	178	1610	51	122	0	
19:16:38	2868	2600	3393	183	0	0	0	0	0	0	0	2868	2750	2600	2506	3393	2306	3	0	1	198	178	1622	39	122	0	
19:16:39	2862	2600	3400	183	0	0	0	0	0	0	0	2868	2750	2600	2506	3400	2306	3	0	1	198	178	1714	53	122	0	
19:16:40	2862	2600	3400	182	0	0	0	0	0	0	0	2868	2750	2600	2506	3400	2306	3	0	1	198	178	1619	42	122	0	
19:16:41	2868	2600	3400	183	0	0	0	0	0	0	0	2868	2750	2600	2506	3400	2306	3	0	1	198	178	1767	106	123	0	
19:16:42	2862	2600	3406	183	0	0	0	0	0	0	0	2868	2750	2600	2506	3406	2306	3	0	1	198	178	1717	56	123	0	
19:16:43	2862	2600	3406	182	0	0	0	0	0	0	0	2868	2750	2600	2506	3406	2306	3	0	1	198	178	1702	41	124	0	
19:16:44	2862	2600	3406	184	0	0	0	0	0	0	0	2868	2750	2600	2506	3406	2306	3	0	1	198	178	1424	237	126	0	
19:16:45	2868	2600	3412	183	0	0	0	0	0	0	0	2868	2750	2600	2506	3412	2306	3	0	1	198	178	1842	181	126	0	
19:16:46	2868	2593	3412	183	0	0	0	0	0	0	0	2868	2750	2600	2506	3412	2306	3	0	1	198	178	0	1661	126	1	
19:16:47	2862	2600	3418	184	0	0	0	0	0	0	0	2868	2750	2600	2506	3418	2306	3	0	1	198	178	1653	8	128	0	
19:16:48	2862	2600	3418	183	0	0	0	0	0	0	0	2868	2750	2600	2506	3418	2306	3	0	1	198	178	1459	202	128	0	
19:16:49	2868	2600	3418	182	0	0	0	0	0	0	0	2868	2750	2600	2506	3418	2306	3	0	1	198	178	1757	96	128	0	
19:16:50	2868	2593	3425	185	0	0	0	0	0	0	0	2868	2750	2600	2506	3425	2306	3	0	1	198	178	1660	1	129	0	
19:16:51	2868	2600	3425	183	0	0	0	0	0	0	0	2868	2750	2600	2506	3425	2306	3	0	1	198	178	1584	77	130	0	
19:16:52	2862	2600	3425	184	0	0	0	0	0	0	0	2868	2750	2600	2506	3425	2306	3	0	1	198	178	1635	26	130	0	
19:16:53	2868	2600	3425	183	0	0	0	0	0	0	0	2868	2750	2600	2506	3425	2306	3	0	1	198	178	1307	354	131	0	
19:16:54	2868	2600	3431	183	0	0	0	0	0	0	0	2868	2750	2600	2506	3431	2306	3	0	1	198	178	1816	155	134	0	
19:16:55	2862	2600	3431	184	0	0	0	0	0	0	0	2868	2750	2600	2506	3431	2306	3	0	1	198	178	1601	60	134	0	
19:16:56	2868	2593	3437	183	0	0	0	0	0	0	0	2868	2750	2600	2506	3437	2306	3	0	1	198	178	1553	108	134	0	
19:16:57	2868	2600	3437	184	0	0	0	0	0	0	0	2868	2750	2600	2506	3437	2306	3	0	1	198	178	1712	51	135	0	
19:16:58	2868	2600	3437	182	0	0	0	0	0	0	0	2868	2750	2600	2506	3437	2306	3	0	1	198	178	1907	246	136	0	
19:16:59	2868	2600	3437	183	0	0	0	0	0	0	0	2868	2750	2600	2506	3437	2306	3	0	1	198	178	1535	126	137	0	
19:17:00	2868	2593	3437	182	0	0	0	0	0	0	0	2868	2750	2600	2506	3437	2306	3	0	1	198	178	0	1661	139	1	
19:17:01	2868	2600	3437	184	0	0	0	0	0	0	0	2868	2750	2600	2506	3437	2306	3	0	1	198	178	1603	58	140	0	
19:17:03	2868	2600	3443	184	0	0	0	0	0	0	0	2868	2750	2600	2506	3443	2306	3	0	1	198	178	0	1661	142	1	
19:17:04	2868	2600	3443	183	0	0	0	0	0	0	0	2868	2750	2600	2506	3443	2306	3	0	1	198	178	1808	147	143	0	
19:17:05	2868	2600	3443	183	0	0	0	0	0	0	0	2868	2750	2600	2506	3443	2306	3	0	1	198	178	1747	86	145	0	
19:17:06	2868	2600	3450	183	0	0	0	0	0	0	0	2868	2750	2600	2506	3450	2306	3	0	1	198	178	479	1182	145	0	
19:17:07	2868	2600	3450	185	0	0	0	0	0	0	0	2868	2750	2600	2506	3450	2306	3	0	1	198	178	1556	105	145	0	
19:17:08	2868	2606	3450	183	0	0	0	0	0	0	0	2868	2750	2606	2506	3450	2306	3	0	1	198	178	2158	497	145	0	
19:17:09	2868	2600	3450	183	0	0	0	0	0	0	0	2868	2750	2606	2506	3450	2306	3	0	1	198	178	0	1661	146	1	
19:17:10	2868	2593	3450	183	0	0	0	0	0	0	0	2868	2750	2606	2506	3450	2306	3	0	1	198	178	1572	89	147	0	
19:17:11	2868	2600	3456	184	0	0	0	0	0	0	0	2868	2750	2606	2506	3456	2306	3	0	1	198	178	0	1661	148	1	
19:17:12	2868	2600	3456	183	0	0	0	0	0	0	0	2868	2750	2606	2506	3456	2306	3	0	1	198	178	1018	643	149	0	
19:17:13	2868	2600	3456	183	0	0	0	0	0	0	0	2868	2750	2606	2506	3456	2306	3	0	1	198	178	1798	137	149	0	
19:17:14	2868	2600	3456	183	0	0	0	0	0	0	0	2868	2750	2606	2506	3456	2306	3	0	1	198	178	1713	52	150	0	
19:17:15	2868	2600	3462	183	0	0	0	0	0	0	0	2868	2750	2606	2506	3462	2306	3	0	1	198	178	1695	34	150	0	
19:17:16	2868	2600	3462	182	0	0	0	0	0	0	0	2868	2750	2606	2506	3462	2306	3	0	1	198	178	511	1150	152	0	
19:17:17	2868	2600	3462	183	0	0	0	0	0	0	0	2868	2750	2606	2506	3462	2306	3	0	1	198	178	1535	126	153	0	
19:17:18	2868	2600	3468	183	0	0	0	0	0	0	0	2868	2750	2606	2506	3468	2306	3	0	1	198	178	1625	36	154	0	
19:17:19	2868	2600	3468	183	0	0	0	0	0	0	0	2868	2750	2606	2506	3468	2306	3	0	1	198	178	2526	865	155	0	
19:17:20	2868	2600	3468	184	0	0	0	0	0	0	0	2868	2750	2606	2506	3468	2306	3	0	1	198	178	1623	38	157	0	
19:17:21	2868	2600	3468	183	0	0	0	0	0	0	0	2868	2750	2606	2506	3468	2306	3	0	1	198	178	1131	530	157	0	
19:17:22	2868	2600	3475	183	0	0	0	0	0	0	0	2875	2750	2606	2506	3475	2306	3	0	1	198	178	1814	153	158	0	
19:17:23	2868	2600	3475	183	0	0	0	0	0	0	0	2875	2750	2606	2506	3475	2306	3	0	1	198	178	1889	228	158	0	
19:17:24	2868	2600	3475	184	0	0	0	0	0	0	0	2875	2750	2606	2506	3475	2306	3	0	1	198	178	614	1047	159	0	
19:17:25	2875	2600	3475	182	0	0	0	0	0	0	0	2875	2750	2606	2506	3475	2306	3	0	1	198	178	1369	292	159	0	
19:17:26	2868	2600	3475	183	0	0	0	0	0	0	0	2875	2750	2606	2506	3475	2306	3	0	1	198	178	4095	2434	161	0	
19:17:27	2868	2600	3475	182	0	0	0	0	0	0	0	2875	2750	2606	2506	3481	2306	3	0	1	198	178	2003	342	161	0	
19:17:28	2875	2600	3481	183	0	0	0	0	0	0	0	2875	2750	2606	2506	3481	2306	3	0	1	198	178	1730	69	162	0	
19:17:29	2875	2600	3481	183	0	0	0	0	0	0	0	2875	2750	2606	2506	3481	2306	3	0	1	198	178	1671	10	162	0	
19:17:30	2868	2600	3481	183	0	0	0	0	0	0	0	2875	2750	2606	2506	3481	2306	3	0	1	198	178	725	936	163	0	
19:17:31	2875	2600	3481	183	0	0	0	0	0	0	0	2875	2750	2606	2506	3487	2306	3	0	1	198	178	1733	72	163	0	
19:17:33	2868	2606	3487	182	0	0	0	0	0	0	0	2875	2750	2606	2506	3487	2306	3	0	1	198	178	1648	13	164	0	
19:17:34	2875	2600	3487	183	0	0	0	0	0	0	0	2875	2750	2606	2506	3487	2306	3	0	1	198	178	1893	232	164	0	
19:17:35	2875	2600	3487	183	0	0	0	0	0	0	0	2875	2750	2606	2506	3487	2306	3	0	1	198	178	1634	27	165	0	
19:17:36	2875	2600	3487	183	0	0	0	0	0	0	0	2875	2750	2606	2506	3487	2306	3	0	1	198	178	1583	78	168	0	
19:17:37	2875	2600	3487	182	0	0	0	0	0	0	0	2875	2750	2606	2506	3493	2306	3	0	1	198	178	54	1607	169	0	
19:17:38	2875	2600	3493	182	0	0	0	0	0	0	0	2875	2750	2606	2506	3493	2306	3	0	1	198	178	1598	63	169	0	
19:17:39	2875	2600	3493	183	0	0	0	0	0	0	0	2875	2750	2606	2506	3493	2306	3	0	1	198	178	1626	35	169	0	
19:17:40	2875	2600	3493	183	0	0	0	0	0	0	0	2875	2750	2606	2506	3493	2306	3	0	1	198	178	1711	50	169	0	
19:17:41	2875	2600	3493	184	0	0	0	0	0	0	0	2875	2750	2606	2506	3493	2306	3	0	1	198	178	1474	187	169	0	
19:17:42	2875	2600	3500	183	0	0	0	0	0	0	0	2875	2750	2606	2506	3500	2306	3	0	1	198	178	1648	13	169	0	
19:17:43	2875	2600	3500	184	0	0	0	0	0	0	0	2875	2750	2606	2506	3500	2306	3	0	1	198	178	1765	104	170	0	
19:17:44	2875	2600	3500	184	0	0	0	0	0	0	0	2875	2750	2606	2506	3500	2306	3	0	1	198	178	1617	44	170	0	
19:17:45	2875	2600	3500	184	0	0	0	0	0	0	0	2875	2750	2606	2506	3500	2306	3	0	1	198	178	1699	38	171	0	
19:17:46	2875	2600	3500	183	0	0	0	0	0	0	0	2875	2750	2606	2506	3500	2306	3	0	1	198	178	31	1630	171	0	
19:17:47	2875	2600	3506	183	0	0	0	0	0	0	0	2875	2750	2606	2506	3506	2306	3	0	1	198	178	1920	259	171	0	
19:17:48	2868	2600	3506	183	0	0	0	0	0	0	0	2875	2750	2606	2506	3506	2306	3	0	1	198	178	1726	65	171	0	
19:17:49	2875	2600	3512	183	0	0	0	0	0	0	0	2875	2750	2606	2506	3512	2306	3	0	1	198	178	1571	90	171	0	
19:17:50	2875	2600	3512	183	0	0	0	0	0	0	0	2875	2750	2606	2506	3512	2306	3	0	1	198	178	1776	115	174	0	
19:17:51	2875	2606	3518	184	0	0	0	0	0	0	0	2875	2750	2606	2506	3518	2306	3	0	1	198	178	1630	31	174	0	
19:17:52	2875	2606	3518	184	0	0	0	0	0	0	0	2875	2750	2606	2506	3518	2306	3	0	1	198	178	1691	30	174	0	
19:17:53	2875	2606	3518	183	0	0	0	0	0	0	0	2875	2750	2606	2506	3518	2306	3	0	1	198	178	0	1661	174	1	
19:17:54	2875	2606	3518	184	0	0	0	0	0	0	0	2875	2750	2606	2506	3518	2306	3	0	1	198	178	1727	66	175	0	
19:17:55	2875	2606	3525	183	0	0	0	0	0	0	0	2875	2750	2606	2506	3525	2306	3	0	1	198	178	1629	32	177	0	
19:17:56	2875	2600	3525	183	0	0	0	0	0	0	0	2875	2750	2606	2506	3525	2306	3	0	1	198	178	1661	0	177	0	
19:17:57	2875	2606	3531	183	0	0	0	0	0	0	0	2875	2750	2606	2506	3531	2306	3	0	1	198	178	1909	248	177	0	
19:17:58	2875	2606	3531	183	0	0	0	0	0	0	0	2875	2750	2606	2506	3531	2306	3	0	1	198	178	1701	40	179	0	
19:17:59	2875	2600	3531	184	0	0	0	0	0	0	0	2875	2750	2606	2506	3531	2306	3	0	1	198	178	1664	3	180	0	
19:18:00	2875	2606	3537	182	0	0	0	0	0	0	0	2875	2750	2606	2506	3537	2306	3	0	1	198	178	1671	10	181	0	
19:18:01	2875	2606	3537	183	0	0	0	0	0	0	0	2875	2750	2606	2506	3537	2306	3	0	1	198	178	1117	544	181	0	
19:18:03	2875	2606	3537	182	0	0	0	0	0	0	0	2875	2750	2606	2506	3537	2306	3	0	1	198	178	0	1661	183	1	
19:18:04	2875	2600	3543	184	0	0	0	0	0	0	0	2875	2750	2606	2506	3543	2306	3	0	1	198	178	1959	298	184	0	
19:18:05	2875	2606	3543	182	0	0	0	0	0	0	0	2875	2750	2606	2506	3543	2306	3	0	1	198	178	1627	34	185	0	
19:18:06	2875	2606	3550	183	0	0	0	0	0	0	0	2875	2750	2606	2506	3550	2306	3	0	1	198	178	1535	126	186	0	
19:18:07	2881	2606	3550	184	0	0	0	0	0	0	0	2881	2750	2606	2506	3550	2306	3	0	1	198	178	1627	34	187	0	
19:18:08	2875	2600	3550	183	0	0	0	0	0	0	0	2881	2750	2606	2506	3550	2306	3	0	1	198	178	1535	126	187	0	
19:18:09	2881	2606	3550	184	0	0	0	0	0	0	0	2881	2750	2606	2506	3550	2306	3	0	1	198	178	1841	180	187	0	
19:18:10	2875	2606	3556	183	0	0	0	0	0	0	0	2881	2750	2606	2506	3556	2306	3	0	1	198	178	1685	24	188	0	
19:18:11	2875	2606	3556	183	0	0	0	0	0	0	0	2881	2750	2606	2506	3556	2306	3	0	1	198	178	0	1661	189	1	
19:18:12	2875	2600	3562	183	0	0	0	0	0	0	0	2881	2750	2606	2506	3562	2306	3	0	1	198	178	1878	217	190	0	
19:18:13	2875	2606	3562	184	0	0	0	0	0	0	0	2881	2750	2606	2506	3562	2306	3	0	1	198	178	1498	163	191	0	
19:18:14	2875	2606	3568	185	0	0	0	0	0	0	0	2881	2750	2606	2506	3568	2306	3	0	1	198	178	1526	135	192	0	
19:18:15	2875	2606	3568	185	0	0	0	0	0	0	0	2881	2750	2606	2506	3568	2306	3	0	1	198	178	1597	64	192	0	
19:18:16	2875	2606	3568	184	0	0	0	0	0	0	0	2881	2750	2606	2506	3568	2306	3	0	1	198	178	922	739	193	0	
19:18:17	2881	2606	3568	184	0	0	0	0	0	0	0	2881	2750	2606	2506	3568	2306	3	0	1	198	178	1907	246	194	0	
19:18:18	2875	2600	3575	183	0	0	0	0	0	0	0	2881	2750	2606	2506	3575	2306	3	0	1	198	178	0	1661	195	1	
19:18:19	2881	2606	3581	183	0	0	0	0	0	0	0	2881	2750	2606	2506	3581	2306	3	0	1	198	178	1514	147	195	0	
19:18:20	2875	2606	3581	183	0	0	0	0	0	0	0	2881	2750	2606	2506	3581	2306	3	0	1	198	178	1711	50	197	0	
19:18:21	2881	2606	3581	182	0	0	0	0	0	0	0	2881	2750	2606	2506	3581	2306	3	0	1	198	178	773	888	197	0	
19:18:22	2881	2606	3581	183	0	0	0	0	0	0	0	2881	2750	2606	2506	3581	2306	3	0	1	198	178	1525	136	198	0	
19:18:23	2881	2606	3587	184	0	0	0	0	0	0	0	2881	2750	2606	2506	3587	2306	3	0	1	198	178	1571	90	198	0	
19:18:24	2881	2606	3587	183	0	0	0	0	0	0	0	2881	2750	2606	2506	3587	2306	3	0	1	198	178	1575	86	199	0	
19:18:25	2881	2606	3587	184	0	0	0	0	0	0	0	2881	2750	2606	2506	3587	2306	3	0	1	198	178	1642	19	200	0	
19:18:26	2875	2606	3593	182	0	0	0	0	0	0	0	2881	2750	2606	2506	3593	2306	3	0	1	198	178	1473	188	200	0	
19:18:27	2881	2606	3593	184	0	0	0	0	0	0	0	2881	2750	2606	2506	3593	2306	3	0	1	198	178	1779	118	200	0	
19:18:28	2881	2606	3593	183	0	0	0	0	0	0	0	2881	2750	2606	2506	3593	2306	3	0	1	198	178	1863	202	201	0	
19:18:30	2881	2606	3600	184	0	0	0	0	0	0	0	2881	2750	2606	2506	3600	2306	3	0	1	198	178	1666	5	201	0	
19:18:31	2881	2606	3600	182	0	0	0	0	0	0	0	2881	2750	2606	2506	3600	2306	3	0	1	198	178	1709	48	202	0	
19:18:32	2881	2606	3600	183	0	0	0	0	0	0	0	2881	2750	2606	2506	3600	2306	3	0	1	198	178	1591	70	202	0	
19:18:33	2881	2606	3606	183	0	0	0	0	0	0	0	2881	2750	2606	2506	3606	2306	3	0	1	198	178	0	1661	203	1	
19:18:34	2881	2606	3612	184	0	0	0	0	0	0	0	2881	2750	2606	2506	3612	2306	3	0	1	198	178	1811	150	204	0	
19:18:35	2881	2606	3612	184	0	0	0	0	0	0	0	2881	2750	2606	2506	3612	2306	3	0	1	198	178	1878	217	205	0	
19:18:36	2881	2606	3612	181	0	0	0	0	0	0	0	2881	2750	2606	2506	3612	2306	3	0	1	198	178	1619	42	205	0	
19:18:37	2881	2606	3618	183	0	0	0	0	0	0	0	2881	2750	2606	2506	3618	2306	3	0	1	198	178	1559	102	207	0	
19:18:38	2881	2606	3618	182	0	0	0	0	0	0	0	2881	2750	2606	2506	3618	2306	3	0	1	198	178	1278	383	207	0	
19:18:39	2881	2612	3618	184	0	0	0	0	0	0	0	2881	2750	2612	2506	3618	2306	3	0	1	198	178	1648	13	208	0	
19:18:40	2881	2606	3625	184	0	0	0	0	0	0	0	2881	2750	2612	2506	3625	2306	3	0	1	198	178	380	1281	209	0	
19:18:41	2881	2612	3625	183	0	0	0	0	0	0	0	2881	2750	2612	2506	3625	2306	3	0	1	198	178	1623	38	209	0	
19:18:42	2881	2612	3625	183	0	0	0	0	0	0	0	2881	2750	2612	2506	3625	2306	3	0	1	198	178	1610	51	210	0	
19:18:43	2887	2606	3631	183	0	0	0	0	0	0	0	2887	2750	2612	2506	3631	2306	3	0	1	198	178	1554	107	210	0	
19:18:44	2881	2612	3631	184	0	0	0	0	0	0	0	2887	2750	2612	2506	3631	2306	3	0	1	198	178	1525	136	211	0	
19:18:45	2881	2606	3637	182	0	0	0	0	0	0	0	2887	2750	2612	2506	3637	2306	3	0	1	198	178	0	1661	212	1	
19:18:46	2881	2606	3637	183	0	0	0	0	0	0	0	2887	2750	2612	2506	3637	2306	3	0	1	198	178	1730	69	212	0	
19:18:47	2887	2606	3637	183	0	0	0	0	0	0	0	2887	2750	2612	2506	3637	2306	3	0	1	198	178	1666	5	213	0	
19:18:48	2881	2606	3637	183	0	0	0	0	0	0	0	2887	2750	2612	2506	3637	2306	3	0	1	198	178	1712	51	214	0	
19:18:49	2881	2606	3643	182	0	0	0	0	0	0	0	2887	2750	2612	2506	3643	2306	3	0	1	198	178	1679	18	216	0	
19:18:50	2881	2606	3643	183	0	0	0	0	0	0	0	2887	2750	2612	2506	3643	2306	3	0	1	198	178	1609	52	217	0	
19:18:51	2881	2612	3650	182	0	0	0	0	0	0	0	2887	2750	2612	2506	3650	2306	3	0	1	198	178	1554	107	217	0	
19:18:52	2887	2606	3650	184	0	0	0	0	0	0	0	2887	2750	2612	2506	3650	2306	3	0	1	198	178	1876	215	218	0	
19:18:53	2881	2612	3650	184	0	0	0	0	0	0	0	2887	2750	2612	2506	3650	2306	3	0	1	198	178	1573	88	219	0	
19:18:54	2887	2606	3656	183	0	0	0	0	0	0	0	2887	2750	2612	2506	3656	2306	3	0	1	198	178	1484	177	219	0	
19:18:55	2881	2606	3656	183	0	0	0	0	0	0	0	2887	2750	2612	2506	3656	2306	3	0	1	198	178	1575	86	219	0	
19:18:56	2881	2612	3656	184	0	0	0	0	0	0	0	2887	2750	2612	2506	3656	2306	3	0	1	198	178	0	1661	219	1	
19:18:57	2881	2606	3662	182	0	0	0	0	0	0	0	2887	2750	2612	2506	3662	2306	3	0	1	198	178	1626	35	223	0	
19:18:59	2881	2612	3662	183	0	0	0	0	0	0	0	2887	2750	2612	2506	3662	2306	3	0	1	198	178	1601	60	224	0	
19:19:00	2881	2606	3662	184	0	0	0	0	0	0	0	2887	2750	2612	2506	3668	2306	3	0	1	198	178	0	1661	225	1	
19:19:01	2881	2606	3668	183	0	0	0	0	0	0	0	2887	2750	2612	2506	3668	2306	3	0	1	198	178	1535	126	226	0	
19:19:02	2881	2612	3668	184	0	0	0	0	0	0	0	2887	2750	2612	2506	3668	2306	3	0	1	198	178	1767	106	227	0	
19:19:03	2881	2606	3668	184	0	0	0	0	0	0	0	2887	2750	2612	2506	3668	2306	3	0	1	198	178	0	1661	228	1	
19:19:04	2881	2606	3675	182	0	0	0	0	0	0	0	2887	2750	2612	2506	3675	2306	3	0	1	198	178	1678	17	231	0	
19:19:05	2881	2612	3675	183	0	0	0	0	0	0	0	2887	2750	2612	2506	3675	2306	3	0	1	198	178	888	773	232	0	
19:19:06	2881	2606	3675	183	0	0	0	0	0	0	0	2887	2750	2612	2506	3675	2306	3	0	1	198	178	1623	38	232	0	
19:19:07	2881	2612	3675	183	0	0	0	0	0	0	0	2887	2750	2612	2506	3675	2306	3	0	1	198	178	1754	93	234	0	
19:19:08	2887	2606	3681	183	0	0	0	0	0	0	0	2887	2750	2612	2506	3681	2306	3	0	1	198	178	1228	433	234	0	
19:19:09	2887	2612	3681	184	0	0	0	0	0	0	0	2887	2750	2612	2506	3681	2306	3	0	1	198	178	1618	43	234	0	
19:19:10	2887	2612	3681	183	0	0	0	0	0	0	0	2887	2750	2612	2506	3681	2306	3	0	1	198	178	1792	131	235	0	
19:19:11	2881	2606	3687	183	0	0	0	0	0	0	0	2887	2750	2612	2506	3687	2306	3	0	1	198	178	611	1050	235	0	
19:19:12	2887	2606	3687	183	0	0	0	0	0	0	0	2887	2750	2612	2506	3687	2306	3	0	1	198	178	1684	23	236	0	
19:19:13	2887	2612	3687	183	0	0	0	0	0	0	0	2887	2750	2612	2506	3687	2306	3	0	1	198	178	1499	162	237	0	
19:19:14	2887	2612	3693	185	0	0	0	0	0	0	0	2887	2750	2612	2506	3693	2306	3	0	1	198	178	1526	135	237	0	
19:19:15	2887	2612	3693	185	0	0	0	0	0	0	0	2887	2750	2612	2506	3693	2306	3	0	1	198	178	1824	163	238	0	
19:19:16	2881	2612	3693	184	0	0	0	0	0	0	0	2887	2750	2612	2506	3693	2306	3	0	1	198	178	1535	126	238	0	
19:19:17	2887	2612	3693	183	0	0	0	0	0	0	0	2887	2750	2612	2506	3693	2306	3	0	1	198	178	1727	66	238	0	
19:19:18	2887	2612	3700	184	0	0	0	0	0	0	0	2887	2750	2612	2506	3700	2306	3	0	1	198	178	0	1661	238	1	
19:19:19	2887	2606	3700	183	0	0	0	0	0	0	0	2887	2750	2612	2506	3700	2306	3	0	1	198	178	1581	80	240	0	
19:19:20	2887	2612	3700	183	0	0	0	0	0	0	0	2887	2750	2612	2506	3700	2306	3	0	1	198	178	1664	3	241	0	
19:19:21	2887	2612	3706	183	0	0	0	0	0	0	0	2887	2750	2612	2506	3706	2306	3	0	1	198	178	635	1026	241	0	
19:19:22	2887	2612	3700	184	0	0	0	0	0	0	0	2887	2750	2612	2506	3706	2306	3	0	1	198	178	1691	30	243	0	
19:19:23	2887	2606	3706	183	0	0	0	0	0	0	0	2887	2750	2612	2506	3706	2306	3	0	1	198	178	1575	86	244	0	
19:19:24	2887	2612	3712	183	0	0	0	0	0	0	0	2887	2750	2612	2506	3712	2306	3	0	1	198	178	1645	16	244	0	
19:19:26	2887	2612	3712	183	0	0	0	0	0	0	0	2887	2750	2612	2506	3712	2306	3	0	1	198	178	1233	428	245	0	
19:19:27	2887	2612	3712	184	0	0	0	0	0	0	0	2887	2750	2612	2506	3712	2306	3	0	1	198	178	634	1027	247	0	
19:19:28	2887	2612	3718	183	0	0	0	0	0	0	0	2887	2750	2612	2506	3718	2306	3	0	1	198	178	1838	177	248	0	
19:19:29	2887	2612	3718	182	0	0	0	0	0	0	0	2887	2750	2612	2506	3718	2306	3	0	1	198	178	1616	45	249	0	
19:19:30	2887	2612	3718	183	0	0	0	0	0	0	0	2887	2750	2612	2506	3718	2306	3	0	1	198	178	1722	61	249	0	
19:19:31	2887	2612	3718	183	0	0	0	0	0	0	0	2887	2750	2612	2506	3718	2306	3	0	1	198	178	1673	12	250	0	
19:19:32	2887	2612	3725	183	0	0	0	0	0	0	0	2887	2750	2612	2506	3725	2306	3	0	1	198	178	0	1661	250	1	
19:19:33	2887	2606	3725	182	0	0	0	0	0	0	0	2887	2750	2612	2506	3725	2306	3	0	1	198	178	0	1661	252	1	
19:19:34	2887	2612	3725	184	0	0	0	0	0	0	0	2887	2750	2612	2506	3725	2306	3	0	1	198	178	1895	234	252	0	
19:19:35	2887	2612	3725	184	0	0	0	0	0	0	0	2887	2750	2612	2506	3725	2306	3	0	1	198	178	1402	259	252	0	
19:19:36	2887	2612	3731	184	0	0	0	0	0	0	0	2887	2750	2612	2506	3731	2306	3	0	1	198	178	1681	20	254	0	
19:19:37	2887	2606	3731	185	0	0	0	0	0	0	0	2887	2750	2612	2506	3731	2306	3	0	1	198	178	1619	42	255	0	
19:19:38	2887	2612	3737	183	0	0	0	0	0	0	0	2887	2750	2612	2506	3737	2306	3	0	1	198	178	1919	258	0	0	
19:19:39	2887	2612	3737	182	0	0	0	0	0	0	0	2887	2750	2612	2506	3737	2306	3	0	1	198	178	1600	61	0	0	
19:19:40	2893	2618	3737	183	0	0	0	0	0	0	0	2893	2750	2618	2506	3737	2306	3	0	1	198	178	1562	99	0	0	
19:19:41	2887	2612	3737	183	0	0	0	0	0	0	0	2893	2750	2618	2506	3737	2306	3	0	1	198	178	1645	16	1	0	
19:19:42	2887	2612	3737	183	0	0	0	0	0	0	0	2893	2750	2618	2506	3737	2306	3	0	1	198	178	1535	126	3	0	
19:19:43	2887	2618	3743	183	0	0	0	0	0	0	0	2893	2750	2618	2506	3743	2306	3	0	1	198	178	1712	51	3	0	
19:19:44	2887	2612	3743	183	0	0	0	0	0	0	0	2893	2750	2618	2506	3743	2306	3	0	1	198	178	1696	35	3	0	
19:19:45	2887	2612	3743	183	0	0	0	0	0	0	0	2893	2750	2618	2506	3743	2306	3	0	1	198	178	1584	77	5	0	
19:19:46	2887	2612	3743	184	0	0	0	0	0	0	0	2893	2750	2618	2506	3743	2306	3	0	1	198	178	1645	16	5	0	
19:19:47	2893	2612	3750	184	0	0	0	0	0	0	0	2893	2750	2618	2506	3750	2306	3	0	1	198	178	1638	23	7	0	
19:19:48	2893	2612	3750	184	0	0	0	0	0	0	0	2893	2750	2618	2506	3750	2306	3	0	1	198	178	1236	425	8	0	
19:19:49	2887	2612	3750	183	0	0	0	0	0	0	0	2893	2750	2618	2506	3750	2306	3	0	1	198	178	1595	66	9	0	
19:19:50	2887	2612	3750	183	0	0	0	0	0	0	0	2893	2750	2618	2506	3750	2306	3	0	1	198	178	1651	10	10	0	
19:19:51	2893	2612	3750	184	0	0	0	0	0	0	0	2893	2750	2618	2506	3750	2306	3	0	1	198	178	4095	2434	12	0	
19:19:52	2887	2618	3756	183	0	0	0	0	0	0	0	2893	2750	2618	2506	3756	2306	3	0	1	198	178	1802	141	13	0	
19:19:54	2893	2612	3762	182	0	0	0	0	0	0	0	2893	2750	2618	2506	3762	2306	3	0	1	198	178	1687	26	14	0	
19:19:55	2893	2618	3756	183	0	0	0	0	0	0	0	2893	2750	2618	2506	3762	2306	3	0	1	198	178	172	1489	15	0	
19:19:56	2893	2618	3762	185	0	0	0	0	0	0	0	2893	2750	2618	2506	3762	2306	3	0	1	198	178	1583	78	15	0	
19:19:57	2893	2618	3762	183	0	0	0	0	0	0	0	2893	2750	2618	2506	3762	2306	3	0	1	198	178	1647	14	15	0	
19:19:58	2893	2612	3762	185	0	0	0	0	0	0	0	2893	2750	2618	2506	3762	2306	3	0	1	198	178	1630	31	15	0	
19:19:59	2893	2618	3762	184	0	0	0	0	0	0	0	2893	2750	2618	2506	3762	2306	3	0	1	198	178	1774	113	16	0	
19:20:00	2893	2612	3762	183	0	0	0	0	0	0	0	2893	2750	2618	2506	3762	2306	3	0	1	198	178	240	1421	16	0	
19:20:01	2893	2618	3768	183	0	0	0	0	0	0	0	2893	2750	2618	2506	3768	2306	3	0	1	198	178	1535	126	17	0	
19:20:02	2887	2612	3768	183	0	0	0	0	0	0	0	2893	2750	2618	2506	3768	2306	3	0	1	198	178	1846	185	20	0	
19:20:03	2893	2612	3768	183	0	0	0	0	0	0	0	2893	2750	2618	2506	3768	2306	3	0	1	198	178	0	1661	21	1	
19:20:04	2893	2612	3768	184	0	0	0	0	0	0	0	2893	2750	2618	2506	3768	2306	3	0	1	198	178	1721	60	21	0	
19:20:05	2887	2618	3768	183	0	0	0	0	0	0	0	2893	2750	2618	2506	3768	2306	3	0	1	198	178	1675	14	21	0	
19:20:06	2893	2618	3775	184	0	0	0	0	0	0	0	2893	2750	2618	2506	3775	2306	3	0	1	198	178	1535	126	21	0	
19:20:07	2893	2612	3775	182	0	0	0	0	0	0	0	2893	2750	2618	2506	3775	2306	3	0	1	198	178	1715	54	21	0	
19:20:08	2893	2618	3775	184	0	0	0	0	0	0	0	2893	2750	2618	2506	3775	2306	3	0	1	198	178	271	1390	22	0	
19:20:09	2893	2618	3775	183	0	0	0	0	0	0	0	2893	2750	2618	2506	3775	2306	3	0	1	198	178	4095	2434	25	0	
19:20:10	2893	2612	3781	183	0	0	0	0	0	0	0	2893	2750	2618	2506	3781	2306	3	0	1	198	178	271	1390	25	0	
19:20:11	2893	2612	3781	183	0	0	0	0	0	0	0	2893	2750	2618	2506	3781	2306	3	0	1	198	178	1842	181	26	0	
19:20:12	2893	2612	3781	183	0	0	0	0	0	0	0	2893	2750	2618	2506	3781	2306	3	0	1	198	178	1579	82	27	0	
19:20:13	2893	2618	3781	182	0	0	0	0	0	0	0	2893	2750	2618	2506	3781	2306	3	0	1	198	178	1982	321	27	0	
19:20:14	2893	2618	3781	184	0	0	0	0	0	0	0	2893	2750	2618	2506	3781	2306	3	0	1	198	178	1527	134	27	0	
19:20:15	2893	2618	3781	183	0	0	0	0	0	0	0	2893	2750	2618	2506	3781	2306	3	0	1	198	178	1429	232	29	0	
19:20:16	2893	2618	3787	183	0	0	0	0	0	0	0	2893	2750	2618	2506	3787	2306	3	0	1	198	178	1891	230	29	0	
19:20:17	2893	2612	3787	184	0	0	0	0	0	0	0	2893	2750	2618	2506	3787	2306	3	0	1	198	178	1659	2	30	0	
19:20:18	2893	2618	3787	183	0	0	0	0	0	0	0	2893	2750	2618	2506	3787	2306	3	0	1	198	178	1701	40	30	0	
19:20:19	2893	2618	3787	184	0	0	0	0	0	0	0	2893	2750	2618	2506	3787	2306	3	0	1	198	178	1456	205	31	0	
19:20:20	2893	2618	3793	185	0	0	0	0	0	0	0	2893	2750	2618	2506	3793	2306	3	0	1	198	178	1535	126	33	0	
19:20:21	2893	2618	3793	182	0	0	0	0	0	0	0	2893	2750	2618	2506	3793	2306	3	0	1	198	178	1703	42	34	0	
19:20:23	2893	2618	3793	182	0	0	0	0	0	0	0	2893	2750	2618	2506	3793	2306	3	0	1	198	178	1527	134	34	0	
19:20:24	2893	2618	3793	185	0	0	0	0	0	0	0	2893	2750	2618	2506	3793	2306	3	0	1	198	178	1677	16	36	0	
19:20:25	2893	2618	3800	182	0	0	0	0	0	0	0	2893	2750	2618	2506	3800	2306	3	0	1	198	178	1759	98	36	0	
19:20:26	2893	2612	3800	183	0	0	0	0	0	0	0	2893	2750	2618	2506	3800	2306	3	0	1	198	178	1625	36	36	0	
19:20:27	2893	2618	3800	184	0	0	0	0	0	0	0	2893	2750	2618	2506	3800	2306	3	0	1	198	178	1091	570	36	0	
19:20:28	2893	2612	3800	183	0	0	0	0	0	0	0	2893	2750	2618	2506	3800	2306	3	0	1	198	178	1759	98	37	0	
19:20:29	2893	2618	3800	184	0	0	0	0	0	0	0	2893	2750	2618	2506	3800	2306	3	0	1	198	178	2193	532	38	0	
19:20:30	2893	2618	3806	183	0	0	0	0	0	0	0	2893	2750	2618	2506	3806	2306	3	0	1	198	178	1612	49	39	0	
19:20:31	2893	2618	3806	184	0	0	0	0	0	0	0	2893	2750	2618	2506	3806	2306	3	0	1	198	178	1309	352	41	0	
19:20:32	2893	2618	3806	183	0	0	0	0	0	0	0	2893	2750	2618	2506	3806	2306	3	0	1	198	178	1943	282	43	0	
19:20:33	2893	2618	3812	183	0	0	0	0	0	0	0	2893	2750	2618	2506	3812	2306	3	0	1	198	178	0	1661	44	1	
19:20:34	2893	2618	3812	184	0	0	0	0	0	0	0	2893	2750	2618	2506	3812	2306	3	0	1	198	178	1623	38	44	0	
19:20:35	2900	2618	3812	184	0	0	0	0	0	0	0	2900	2750	2618	2506	3812	2306	3	0	1	198	178	1535	126	44	0	
19:20:36	2900	2618	3812	183	0	0	0	0	0	0	0	2900	2750	2618	2506	3812	2306	3	0	1	198	178	1658	3	44	0	
19:20:37	2893	2618	3812	183	0	0	0	0	0	0	0	2900	2750	2618	2506	3812	2306	3	0	1	198	178	1765	104	46	0	
19:20:38	2900	2618	3818	183	0	0	0	0	0	0	0	2900	2750	2618	2506	3818	2306	3	0	1	198	178	1471	190	47	0	
19:20:39	2893	2618	3818	183	0	0	0	0	0	0	0	2900	2750	2618	2506	3818	2306	3	0	1	198	178	1598	63	47	0	
19:20:40	2900	2618	3818	183	0	0	0	0	0	0	0	2900	2750	2618	2506	3818	2306	3	0	1	198	178	0	1661	48	1	
19:20:41	2893	2618	3818	183	0	0	0	0	0	0	0	2900	2750	2618	2506	3818	2306	3	0	1	198	178	1672	11	49	0	
19:20:42	2893	2618	3818	183	0	0	0	0	0	0	0	2900	2750	2618	2506	3818	2306	3	0	1	198	178	1665	4	49	0	
19:20:43	2900	2618	3825	182	0	0	0	0	0	0	0	2900	2750	2618	2506	3825	2306	3	0	1	198	178	1872	211	49	0	
19:20:44	2893	2618	3825	184	0	0	0	0	0	0	0	2900	2750	2618	2506	3825	2306	3	0	1	198	178	1847	186	50	0	
19:20:45	2893	2618	3825	183	0	0	0	0	0	0	0	2900	2750	2618	2506	3825	2306	3	0	1	198	178	1782	121	50	0	
19:20:46	2900	2618	3825	182	0	0	0	0	0	0	0	2900	2750	2618	2506	3825	2306	3	0	1	198	178	0	1661	50	1	
19:20:47	52836	2618	3825	184	0	0	0	1	0	0	0	2900	2750	2618	2506	3825	2306	3	0	1	198	178	1678	17	50	0	
19:20:48	2893	2618	3831	182	0	0	0	0	0	0	0	2900	2750	2618	2506	3831	2306	3	0	1	198	178	0	1661	51	1	
19:20:49	2900	2618	3831	182	0	0	0	0	0	0	0	2900	2750	2618	2506	3831	2306	3	0	1	198	178	1631	30	52	0	
19:20:50	2900	2618	3831	183	0	0	0	0	0	0	0	2900	2750	2618	2506	3831	2306	3	0	1	198	178	1520	141	53	0	
19:20:52	2900	2625	3831	183	0	0	0	0	0	0	0	2900	2750	2625	2506	3831	2306	3	0	1	198	178	1594	67	54	0	
19:20:53	2893	2618	3831	183	0	0	0	0	0	0	0	2900	2750	2625	2506	3831	2306	3	0	1	198	178	1590	71	54	0	
19:20:54	2900	2618	3831	183	0	0	0	0	0	0	0	2900	2750	2625	2506	3831	2306	3	0	1	198	178	0	1661	54	1	
19:20:55	2900	2618	3831	183	0	0	0	0	0	0	0	2900	2750	2625	2506	3831	2306	3	0	1	198	178	1585	76	55	0	
19:20:56	2893	2618	3837	184	0	0	0	0	0	0	0	2900	2750	2625	2506	3837	2306	3	0	1	198	178	0	1661	56	1	
19:20:57	2900	2618	3837	186	0	0	0	0	0	0	0	2900	2750	2625	2506	3837	2306	3	0	1	198	178	1776	115	56	0	
19:20:58	2900	2618	3837	184	0	0	0	0	0	0	0	2900	2750	2625	2506	3837	2306	3	0	1	198	178	1869	208	57	0	
19:20:59	2900	2618	3837	184	0	0	0	0	0	0	0	2900	2750	2625	2506	3837	2306	3	0	1	198	178	1564	97	58	0	
19:21:00	2900	2618	3837	183	0	0	0	0	0	0	0	2900	2750	2625	2506	3837	2306	3	0	1	198	178	1603	58	58	0	
19:21:01	2900	2618	3837	184	0	0	0	0	0	0	0	2900	2750	2625	2506	3837	2306	3	0	1	198	178	1594	67	58	0	
19:21:02	2900	2618	3843	182	0	0	0	0	0	0	0	2900	2750	2625	2506	3843	2306	3	0	1	198	178	1360	301	58	0	
19:21:03	2900	2625	3843	184	0	0	0	0	0	0	0	2900	2750	2625	2506	3843	2306	3	0	1	198	178	1759	98	58	0	
19:21:04	2900	2625	3843	183	0	0	0	0	0	0	0	2900	2750	2625	2506	3843	2306	3	0	1	198	178	1605	56	59	0	
19:21:05	2900	2618	3843	183	0	0	0	0	0	0	0	2900	2750	2625	2506	3843	2306	3	0	1	198	178	1670	9	61	0	
19:21:06	2900	2625	3843	184	0	0	0	0	0	0	0	2900	2750	2625	2506	3843	2306	3	0	1	198	178	1675	14	62	0	
19:21:07	2900	2625	3843	183	0	0	0	0	0	0	0	2900	2750	2625	2506	3843	2306	3	0	1	198	178	0	1661	63	1	
19:21:08	2900	2625	3850	181	0	0	0	0	0	0	0	2900	2750	2625	2506	3850	2306	3	0	1	198	178	1707	46	63	0	
19:21:09	2900	2618	3850	183	0	0	0	0	0	0	0	2900	2750	2625	2506	3850	2306	3	0	1	198	178	1635	26	63	0	
19:21:10	2900	2618	3850	183	0	0	0	0	0	0	0	2900	2750	2625	2506	3850	2306	3	0	1	198	178	1594	67	63	0	
19:21:11	2900	2618	3850	184	0	0	0	0	0	0	0	2900	2750	2625	2506	3850	2306	3	0	1	198	178	1637	24	63	0	
19:21:12	2900	2625	3856	183	0	0	0	0	0	0	0	2900	2750	2625	2506	3856	2306	3	0	1	198	178	1299	362	63	0	
19:21:13	2900	2625	3850	183	0	0	0	0	0	0	0	2900	2750	2625	2506	3856	2306	3	0	1	198	178	1663	2	63	0	
19:21:14	2900	2625	3856	184	0	0	0	0	0	0	0	2900	2750	2625	2506	3856	2306	3	0	1	198	178	1584	77	63	0	
19:21:15	2906	2625	3856	183	0	0	0	0	0	0	0	2906	2750	2625	2506	3856	2306	3	0	1	198	178	0	1661	64	1	
19:21:16	2900	2625	3856	184	0	0	0	0	0	0	0	2906	2750	2625	2506	3856	2306	3	0	1	198	178	1849	188	65	0	
19:21:17	2906	2625	3862	185	0	0	0	0	0	0	0	2906	2750	2625	2506	3862	2306	3	0	1	198	178	938	723	65	0	
19:21:18	2900	2618	3862	183	0	0	0	0	0	0	0	2906	2750	2625	2506	3862	2306	3	0	1	198	178	0	1661	66	1	
19:21:19	2900	2618	3862	183	0	0	0	0	0	0	0	2906	2750	2625	2506	3862	2306	3	0	1	198	178	1535	126	66	0	
19:21:21	2900	2625	3862	183	0	0	0	0	0	0	0	2906	2750	2625	2506	3862	2306	3	0	1	198	178	1664	3	68	0	
19:21:22	2900	2618	3862	184	0	0	0	0	0	0	0	2906	2750	2625	2506	3862	2306	3	0	1	198	178	1616	45	68	0	
19:21:23	2900	2625	3862	184	0	0	0	0	0	0	0	2906	2750	2625	2506	3862	2306	3	0	1	198	178	1647	14	68	0	
19:21:24	2900	2618	3862	184	0	0	0	0	0	0	0	2906	2750	2625	2506	3862	2306	3	0	1	198	178	0	1661	68	1	
19:21:25	2900	2625	3862	184	0	0	0	0	0	0	0	2906	2750	2625	2506	3862	2306	3	0	1	198	178	1502	159	68	0	
19:21:26	2906	2625	3862	183	0	0	0	0	0	0	0	2906	2750	2625	2506	3862	2306	3	0	1	198	178	323	1338	69	0	
19:21:27	2900	2625	3868	183	0	0	0	0	0	0	0	2906	2750	2625	2506	3868	2306	3	0	1	198	178	1839	178	70	0	
19:21:28	2906	2625	3868	183	0	0	0	0	0	0	0	2906	2750	2625	2506	3868	2306	3	0	1	198	178	1611	50	70	0	
19:21:29	2906	2625	3868	184	0	0	0	0	0	0	0	2906	2750	2625	2506	3868	2306	3	0	1	198	178	1599	62	72	0	
19:21:30	2900	2625	3868	184	0	0	0	0	0	0	0	2906	2750	2625	2506	3868	2306	3	0	1	198	178	1604	57	72	0	
19:21:31	2900	2625	3868	183	0	0	0	0	0	0	0	2906	2750	2625	2506	3868	2306	3	0	1	198	178	1875	214	73	0	
19:21:32	2900	2625	3868	182	0	0	0	0	0	0	0	2906	2750	2625	2506	3868	2306	3	0	1	198	178	0	1661	74	1	
19:21:33	2906	2625	3868	184	0	0	0	0	0	0	0	2906	2750	2625	2506	3868	2306	3	0	1	198	178	1819	158	74	0	
19:21:34	2906	2625	3875	182	0	0	0	0	0	0	0	2906	2750	2625	2506	3875	2306	3	0	1	198	178	1662	1	74	0	
19:21:35	2900	2625	3875	183	0	0	0	0	0	0	0	2906	2750	2625	2506	3875	2306	3	0	1	198	178	1738	77	75	0	
19:21:36	2906	2625	3875	184	0	0	0	0	0	0	0	2906	2750	2625	2506	3875	2306	3	0	1	198	178	1737	76	75	0	
19:21:37	2906	2618	3875	192	0	0	0	0	0	0	0	2906	2750	2625	2506	3875	2306	3	0	1	198	178	1607	54	75	0	
19:21:38	2906	2625	3881	182	0	0	0	0	0	0	0	2906	2750	2625	2506	3881	2306	3	0	1	198	178	1475	186	75	0	
19:21:39	2900	2625	3881	183	0	0	0	0	0	0	0	2906	2750	2625	2506	3881	2306	3	0	1	198	178	1683	22	75	0	
19:21:40	2906	2625	3881	183	0	0	0	0	0	0	0	2906	2750	2625	2506	3881	2306	3	0	1	198	178	0	1661	77	1	
19:21:41	2906	2625	3881	183	0	0	0	0	0	0	0	2906	2750	2625	2506	3881	2306	3	0	1	198	178	1711	50	77	0	
19:21:42	2906	2625	3881	190	0	0	0	0	0	0	0	2906	2750	2625	2506	3881	2306	3	0	1	198	178	1483	178	78	0	
19:21:43	2900	2625	3881	182	0	0	0	0	0	0	0	2906	2750	2625	2506	3881	2306	3	0	1	198	178	0	1661	79	1	
19:21:44	2906	2625	3887	183	0	0	0	0	0	0	0	2906	2750	2625	2506	3887	2306	3	0	1	198	178	1806	145	80	0	
19:21:45	2900	2625	3887	182	0	0	0	0	0	0	0	2906	2750	2625	2506	3887	2306	3	0	1	198	178	144	1517	81	0	
19:21:46	2906	2625	3887	183	0	0	0	0	0	0	0	2906	2750	2625	2506	3887	2306	3	0	1	198	178	1534	127	82	0	
19:21:47	2906	2625	3887	184	0	0	0	0	0	0	0	2906	2750	2625	2506	3887	2306	3	0	1	198	178	1722	61	82	0	
19:21:48	2906	2625	3887	183	0	0	0	0	0	0	0	2906	2750	2625	2506	3887	2306	3	0	1	198	178	554	1107	83	0	
19:21:49	2906	2625	3893	184	0	0	0	0	0	0	0	2906	2750	2625	2506	3893	2306	3	0	1	198	178	1205	456	83	0	
19:21:50	2906	2625	3893	184	0	0	0	0	0	0	0	2906	2750	2625	2506	3893	2306	3	0	1	198	178	1586	75	85	0	
19:21:52	2906	2625	3893	184	0	0	0	0	0	0	0	2906	2750	2625	2506	3893	2306	3	0	1	198	178	1674	13	85	0	
19:21:53	2906	2625	3900	183	0	0	0	0	0	0	0	2906	2750	2625	2506	3900	2306	3	0	1	198	178	1584	77	85	0	
19:21:54	2906	2625	3900	184	0	0	0	0	0	0	0	2906	2750	2625	2506	3900	2306	3	0	1	198	178	1559	102	85	0	
19:21:55	2906	2625	3900	185	0	0	0	0	0	0	0	2906	2750	2625	2506	3900	2306	3	0	1	198	178	1630	31	86	0	
19:21:56	2906	2625	3900	183	0	0	0	0	0	0	0	2906	2750	2625	2506	3900	2306	3	0	1	198	178	511	1150	86	0	
19:21:57	2906	2625	3900	183	0	0	0	0	0	0	0	2906	2750	2625	2506	3900	2306	3	0	1	198	178	2078	417	86	0	
19:21:58	2906	2625	3900	183	0	0	0	0	0	0	0	2906	2750	2625	2506	3900	2306	3	0	1	198	178	1488	173	88	0	
19:21:59	2906	2625	3900	183	0	0	0	0	0	0	0	2906	2750	2625	2506	3900	2306	3	0	1	198	178	1712	51	89	0	
19:22:00	2906	2625	3906	182	0	0	0	0	0	0	0	2906	2750	2625	2506	3906	2306	3	0	1	198	178	1603	58	90	0	
19:22:01	2906	2625	3906	183	0	0	0	0	0	0	0	2906	2750	2625	2506	3906	2306	3	0	1	198	178	1466	195	92	0	
19:22:02	2906	2625	3906	183	0	0	0	0	0	0	0	2906	2750	2625	2506	3906	2306	3	0	1	198	178	1823	162	92	0	
19:22:03	2906	2625	3906	184	0	0	0	0	0	0	0	2906	2750	2625	2506	3906	2306	3	0	1	198	178	0	1661	93	1	
19:22:04	2906	2625	3906	183	0	0	0	0	0	0	0	2906	2750	2625	2506	3906	2306	3	0	1	198	178	1597	64	94	0	
19:22:05	2906	2625	3912	182	0	0	0	0	0	0	0	2906	2750	2625	2506	3912	2306	3	0	1	198	178	1663	2	96	0	
19:22:06	2906	2625	3912	184	0	0	0	0	0	0	0	2906	2750	2625	2506	3912	2306	3	0	1	198	178	1628	33	96	0	
19:22:07	2906	2625	3912	183	0	0	0	0	0	0	0	2906	2750	2625	2506	3912	2306	3	0	1	198	178	0	1661	97	1	
19:22:08	2906	2625	3912	183	0	0	0	0	0	0	0	2906	2750	2625	2506	3912	2306	3	0	1	198	178	1808	147	98	0	
19:22:09	2906	2631	3912	185	0	0	0	0	0	0	0	2906	2750	2631	2506	3912	2306	3	0	1	198	178	0	1661	100	1	
19:22:10	2906	2625	3918	183	0	0	0	0	0	0	0	2906	2750	2631	2506	3918	2306	3	0	1	198	178	1648	13	101	0	
19:22:11	2906	2625	3912	184	0	0	0	0	0	0	0	2906	2750	2631	2506	3918	2306	3	0	1	198	178	1677	16	103	0	
19:22:12	2912	2625	3918	184	0	0	0	0	0	0	0	2912	2750	2631	2506	3918	2306	3	0	1	198	178	1854	193	103	0	
19:22:13	2906	2625	3918	185	0	0	0	0	0	0	0	2912	2750	2631	2506	3918	2306	3	0	1	200	178	1522	139	104	0	
19:22:15	2906	2625	3918	183	0	0	0	0	0	0	0	2912	2750	2631	2506	3918	2306	3	0	1	200	178	0	1661	104	1	
19:22:16	2906	2625	3918	183	0	0	0	0	0	0	0	2912	2750	2631	2506	3918	2306	3	0	1	200	178	1581	80	104	0	
19:22:17	2906	2625	3918	182	0	0	0	0	0	0	0	2912	2750	2631	2506	3918	2306	3	0	1	200	178	1847	186	105	0	
19:22:18	2906	2625	3918	183	0	0	0	0	0	0	0	2912	2750	2631	2506	3918	2306	3	0	1	200	178	1787	126	105	0	
19:22:19	2906	2625	3918	183	0	0	0	0	0	0	0	2912	2750	2631	2506	3918	2306	3	0	1	200	178	2277	616	107	0	
19:22:20	2906	2625	3918	183	0	0	0	0	0	0	0	2912	2750	2631	2506	3918	2306	3	0	1	200	178	1535	126	107	0	
19:22:21	2906	2625	3918	184	0	0	0	0	0	0	0	2912	2750	2631	2506	3918	2306	3	0	1	200	178	1647	14	107	0	
19:22:22	2906	2625	3925	182	0	0	0	0	0	0	0	2912	2750	2631	2506	3925	2306	3	0	1	200	178	459	1202	109	0	
19:22:23	2906	2625	3925	184	0	0	0	0	0	0	0	2912	2750	2631	2506	3925	2306	3	0	1	200	178	1780	119	110	0	
19:22:24	2912	2625	3925	184	0	0	0	0	0	0	0	2912	2750	2631	2506	3925	2306	3	0	1	200	178	1680	19	111	0	
19:22:25	2912	2625	3925	184	0	0	0	0	0	0	0	2912	2750	2631	2506	3925	2306	3	0	1	200	178	1507	154	113	0	
19:22:26	2912	2631	3931	183	0	0	0	0	0	0	0	2912	2750	2631	2506	3931	2306	3	0	1	200	178	1569	92	114	0	
19:22:27	2906	2631	3931	184	0	0	0	0	0	0	0	2912	2750	2631	2506	3931	2306	3	0	1	200	178	1702	41	114	0	
19:22:28	2912	2625	3937	183	0	0	0	0	0	0	0	2912	2750	2631	2506	3937	2306	3	0	1	200	178	1744	83	114	0	
19:22:29	2912	2625	3937	184	0	0	0	0	0	0	0	2912	2750	2631	2506	3937	2306	3	0	1	200	178	1397	264	114	0	
19:22:30	2912	2625	3937	184	0	0	0	0	0	0	0	2912	2750	2631	2506	3937	2306	3	0	1	200	178	1649	12	115	0	
19:22:31	2912	2625	3937	184	0	0	0	0	0	0	0	2912	2750	2631	2506	3937	2306	3	0	1	200	178	1704	43	116	0	
19:22:32	2906	2631	3937	184	0	0	0	0	0	0	0	2912	2750	2631	2506	3937	2306	3	0	1	200	178	1835	174	116	0	
19:22:33	2912	2625	3943	184	0	0	0	0	0	0	0	2912	2750	2631	2506	3943	2306	3	0	1	200	178	1535	126	117	0	
19:22:34	2912	2631	3943	184	0	0	0	0	0	0	0	2912	2750	2631	2506	3943	2306	3	0	1	200	178	1648	13	117	0	
19:22:35	2912	2625	3943	183	0	0	0	0	0	0	0	2912	2750	2631	2506	3943	2306	3	0	1	200	178	1617	44	119	0	
19:22:36	2912	2631	3943	183	0	0	0	0	0	0	0	2912	2750	2631	2506	3943	2306	3	0	1	200	178	1649	12	120	0	
19:22:37	2912	2625	3950	183	0	0	0	0	0	0	0	2912	2750	2631	2506	3950	2306	3	0	1	200	178	1789	128	120	0	
19:22:38	2912	2631	3950	183	0	0	0	0	0	0	0	2912	2750	2631	2506	3950	2306	3	0	1	200	178	1526	135	121	0	
19:22:39	2912	2625	3950	183	0	0	0	0	0	0	0	2912	2750	2631	2506	3950	2306	3	0	1	200	178	1562	99	122	0	
19:22:40	2912	2631	3950	183	0	0	0	0	0	0	0	2912	2750	2631	2506	3950	2306	3	0	1	200	178	1200	461	122	0	
19:22:41	2912	2631	3956	183	0	0	0	0	0	0	0	2912	2750	2631	2506	3956	2306	3	0	1	200	178	0	1661	122	1	
19:22:43	2912	2631	3956	183	0	0	0	0	0	0	0	2912	2750	2631	2506	3956	2306	3	0	1	200	178	0	1661	122	1	
19:22:44	2912	2631	3956	181	0	0	0	0	0	0	0	2912	2750	2631	2506	3956	2306	3	0	1	200	178	1664	3	122	0	
19:22:45	2912	2631	3956	183	0	0	0	0	0	0	0	2912	2750	2631	2506	3956	2306	3	0	1	200	178	1526	135	122	0	
19:22:46	2912	2631	3962	183	0	0	0	0	0	0	0	2912	2750	2631	2506	3962	2306	3	0	1	200	178	1575	86	122	0	
19:22:47	2906	2625	3962	183	0	0	0	0	0	0	0	2912	2750	2631	2506	3962	2306	3	0	1	200	178	1682	21	123	0	
19:22:48	2912	2631	3962	184	0	0	0	0	0	0	0	2912	2750	2631	2506	3962	2306	3	0	1	200	178	250	1411	124	0	
19:22:49	2912	2631	3962	182	0	0	0	0	0	0	0	2912	2750	2631	2506	3962	2306	3	0	1	200	178	2000	339	126	0	
19:22:50	2912	2631	3962	183	0	0	0	0	0	0	0	2912	2750	2631	2506	3962	2306	3	0	1	200	178	1595	66	127	0	
19:22:51	2912	2631	3962	185	0	0	0	0	0	0	0	2912	2750	2631	2506	3962	2306	3	0	1	200	178	1358	303	128	0	
19:22:52	2912	2631	3968	183	0	0	0	0	0	0	0	2912	2750	2631	2506	3968	2306	3	0	1	200	178	1675	14	129	0	
19:22:53	2912	2631	3962	184	0	0	0	0	0	0	0	2912	2750	2631	2506	3968	2306	3	0	1	200	178	1618	43	129	0	
19:22:54	2912	2631	3968	184	0	0	0	0	0	0	0	2912	2750	2631	2506	3968	2306	3	0	1	200	178	1487	174	129	0	
19:22:55	2912	2631	3968	184	0	0	0	0	0	0	0	2912	2750	2631	2506	3968	2306	3	0	1	200	178	1535	126	129	0	
19:22:56	52836	2631	3968	183	0	0	0	1	0	0	0	2912	2750	2631	2506	3968	2306	3	0	1	200	178	103	1558	130	0	
19:22:57	2912	2625	3968	184	0	0	0	0	0	0	0	2912	2750	2631	2506	3968	2306	3	0	1	200	178	1751	90	131	0	
19:22:58	2912	2631	3968	184	0	0	0	0	0	0	0	2912	2750	2631	2506	3968	2306	3	0	1	200	178	1645	16	132	0	
19:22:59	2912	2631	3968	183	0	0	0	0	0	0	0	2912	2750	2631	2506	3968	2306	3	0	1	200	178	1535	126	132	0	
19:23:00	2912	2631	3975	184	0	0	0	0	0	0	0	2912	2750	2631	2506	3975	2306	3	0	1	200	178	1615	46	133	0	
19:23:01	2918	2631	3975	183	0	0	0	0	0	0	0	2918	2750	2631	2506	3975	2306	3	0	1	200	178	1839	178	133	0	
19:23:02	2912	2631	3975	183	0	0	0	0	0	0	0	2918	2750	2631	2506	3975	2306	3	0	1	200	178	1695	34	134	0	
19:23:03	2912	2637	3975	184	0	0	0	0	0	0	0	2918	2750	2637	2506	3975	2306	3	0	1	200	178	647	1014	134	0	
19:23:04	2912	2631	3975	184	0	0	0	0	0	0	0	2918	2750	2637	2506	3975	2306	3	0	1	200	178	1669	8	134	0	
19:23:05	2912	2631	3975	184	0	0	0	0	0	0	0	2918	2750	2637	2506	3975	2306	3	0	1	200	178	1450	211	136	0	
19:23:06	2912	2631	3975	184	0	0	0	0	0	0	0	2918	2750	2637	2506	3975	2306	3	0	1	200	178	943	718	136	0	
19:23:07	2912	2631	3981	182	0	0	0	0	0	0	0	2918	2750	2637	2506	3981	2306	3	0	1	200	178	1808	147	136	0	
19:23:08	2912	2631	3981	184	0	0	0	0	0	0	0	2918	2750	2637	2506	3981	2306	3	0	1	200	178	1954	293	136	0	
19:23:09	2912	2631	3981	182	0	0	0	0	0	0	0	2918	2750	2637	2506	3981	2306	3	0	1	200	178	1597	64	136	0	
19:23:10	2912	2631	3981	183	0	0	0	0	0	0	0	2918	2750	2637	2506	3981	2306	3	0	1	200	178	1635	26	137	0	
19:23:12	2918	2631	3981	184	0	0	0	0	0	0	0	2918	2750	2637	2506	3981	2306	3	0	1	200	178	1661	0	139	0	
19:23:13	2912	2625	3987	183	0	0	0	0	0	0	0	2918	2750	2637	2506	3987	2306	3	0	1	200	178	1724	63	139	0	
19:23:14	2912	2631	3987	182	0	0	0	0	0	0	0	2918	2750	2637	2506	3987	2306	3	0	1	200	178	1643	18	139	0	
19:23:15	2912	2631	3987	184	0	0	0	0	0	0	0	2918	2750	2637	2506	3987	2306	3	0	1	200	178	0	1661	140	1	
19:23:16	2912	2631	3987	184	0	0	0	0	0	0	0	2918	2750	2637	2506	3987	2306	3	0	1	200	178	1603	58	140	0	
19:23:17	2918	2625	3987	184	0	0	0	0	0	0	0	2918	2750	2637	2506	3987	2306	3	0	1	200	178	0	1661	140	1	
19:23:18	2912	2631	3987	184	0	0	0	0	0	0	0	2918	2750	2637	2506	3987	2306	3	0	1	200	178	1654	7	141	0	
19:23:19	2918	2631	3993	184	0	0	0	0	0	0	0	2918	2750	2637	2506	3993	2306	3	0	1	200	178	1518	143	141	0	
19:23:20	2918	2631	3993	183	0	0	0	0	0	0	0	2918	2750	2637	2506	3993	2306	3	0	1	200	178	1477	184	141	0	
19:23:21	2918	2631	3993	185	0	0	0	0	0	0	0	2918	2750	2637	2506	3993	2306	3	0	1	200	178	2019	358	141	0	
19:23:22	2912	2631	3993	183	0	0	0	0	0	0	0	2918	2750	2637	2506	3993	2306	3	0	1	200	178	0	1661	144	1	
19:23:23	2918	2631	4000	183	0	0	0	0	0	0	0	2918	2750	2637	2506	4000	2306	3	0	1	200	178	1587	74	145	0	
19:23:24	2912	2631	4000	183	0	0	0	0	0	0	0	2918	2750	2637	2506	4000	2306	3	0	1	200	178	2549	888	145	0	
19:23:25	2918	2631	4000	183	0	0	0	0	0	0	0	2918	2750	2637	2506	4000	2306	3	0	1	200	178	2347	686	145	0	
19:23:26	2918	2631	4000	183	0	0	0	0	0	0	0	2918	2750	2637	2506	4000	2306	3	0	1	200	178	1463	198	148	0	
19:23:27	2918	2631	4000	184	0	0	0	0	0	0	0	2918	2750	2637	2506	4006	2306	3	0	1	200	178	1737	76	148	0	
19:23:28	2912	2631	4006	182	0	0	0	0	0	0	0	2918	2750	2637	2506	4006	2306	3	0	1	200	178	1598	63	148	0	
19:23:29	2912	2637	4006	185	0	0	0	0	0	0	0	2918	2750	2637	2506	4006	2306	3	0	1	200	178	2206	545	148	0	
19:23:30	2918	2631	4006	184	0	0	0	0	0	0	0	2918	2750	2637	2506	4006	2306	3	0	1	200	178	1642	19	149	0	
19:23:32	2918	2631	4012	185	0	0	0	0	0	0	0	2918	2750	2637	2506	4012	2306	3	0	1	200	178	1663	2	151	0	
19:23:33	2918	2631	4012	183	0	0	0	0	0	0	0	2918	2750	2637	2506	4012	2306	3	0	1	200	178	1639	22	152	0	
19:23:34	2918	2631	4012	183	0	0	0	0	0	0	0	2918	2750	2637	2506	4012	2306	3	0	1	200	178	1652	9	153	0	
19:23:35	2918	2631	4012	185	0	0	0	0	0	0	0	2918	2750	2637	2506	4012	2306	3	0	1	200	178	1690	29	154	0	
19:23:36	2918	2631	4018	184	0	0	0	0	0	0	0	2918	2750	2637	2506	4018	2306	3	0	1	200	178	1143	518	155	0	
19:23:37	2912	2637	4018	183	0	0	0	0	0	0	0	2918	2750	2637	2506	4018	2306	3	0	1	200	178	1951	290	156	0	
19:23:38	2918	2631	4018	184	0	0	0	0	0	0	0	2918	2750	2637	2506	4018	2306	3	0	1	200	178	1038	623	156	0	
19:23:39	2918	2631	4018	184	0	0	0	0	0	0	0	2918	2750	2637	2506	4018	2306	3	0	1	200	178	1805	144	157	0	
19:23:40	2918	2637	4025	183	0	0	0	0	0	0	0	2918	2750	2637	2506	4025	2306	3	0	1	200	178	2046	385	158	0	
19:23:41	2912	2637	4025	183	0	0	0	0	0	0	0	2918	2750	2637	2506	4025	2306	3	0	1	200	178	1487	174	159	0	
19:23:42	2918	2631	4025	185	0	0	0	0	0	0	0	2918	2750	2637	2506	4025	2306	3	0	1	200	178	1564	97	160	0	
19:23:43	2918	2631	4031	183	0	0	0	0	0	0	0	2918	2750	2637	2506	4031	2306	3	0	1	200	178	0	1661	163	1	
19:23:44	2918	2637	4031	184	0	0	0	0	0	0	0	2918	2750	2637	2506	4031	2306	3	0	1	200	178	1063	598	163	0	
19:23:45	2918	2631	4031	183	0	0	0	0	0	0	0	2918	2750	2637	2506	4031	2306	3	0	1	200	178	1810	149	164	0	
19:23:46	2918	2637	4031	183	0	0	0	0	0	0	0	2918	2750	2637	2506	4031	2306	3	0	1	200	178	1771	110	164	0	
19:23:47	2918	2637	4031	184	0	0	0	0	0	0	0	2918	2750	2637	2506	4031	2306	3	0	1	200	178	1609	52	165	0	
19:23:48	2918	2637	4031	184	0	0	0	0	0	0	0	2918	2750	2637	2506	4031	2306	3	0	1	200	178	0	1661	166	1	
19:23:49	2918	2637	4031	184	0	0	0	0	0	0	0	2918	2750	2637	2506	4031	2306	3	0	1	200	178	1555	106	166	0	
19:23:50	2918	2637	4037	184	0	0	0	0	0	0	0	2918	2750	2637	2506	4037	2306	3	0	1	200	178	1731	70	166	0	
19:23:51	2918	2637	4037	184	0	0	0	0	0	0	0	2918	2750	2637	2506	4037	2306	3	0	1	200	178	0	1661	166	1	
19:23:52	2918	2637	4037	183	0	0	0	0	0	0	0	2918	2750	2637	2506	4037	2306	3	0	1	200	178	1645	16	167	0	
19:23:53	2918	2631	4037	183	0	0	0	0	0	0	0	2918	2750	2637	2506	4037	2306	3	0	1	200	178	1519	142	167	0	
19:23:54	2925	2637	4037	183	0	0	0	0	0	0	0	2925	2750	2637	2506	4037	2306	3	0	1	200	178	1799	138	167	0	
19:23:55	2918	2637	4037	183	0	0	0	0	0	0	0	2925	2750	2637	2506	4037	2306	3	0	1	200	178	1571	90	167	0	
19:23:56	2918	2637	4043	184	0	0	0	0	0	0	0	2925	2750	2637	2506	4043	2306	3	0	1	200	178	1535	126	167	0	
19:23:57	2918	2637	4043	184	0	0	0	0	0	0	0	2925	2750	2637	2506	4043	2306	3	0	1	200	178	1667	6	168	0	
19:23:58	2918	2637	4043	184	0	0	0	0	0	0	0	2925	2750	2637	2506	4043	2306	3	0	1	200	178	1613	48	169	0	
19:23:59	2918	2637	4043	184	0	0	0	0	0	0	0	2925	2750	2637	2506	4050	2306	3	0	1	200	178	1808	147	170	0	
19:24:01	2918	2637	4050	183	0	0	0	0	0	0	0	2925	2750	2637	2506	4050	2306	3	0	1	200	178	1611	50	171	0	
19:24:02	2918	2637	4050	183	0	0	0	0	0	0	0	2925	2750	2637	2506	4050	2306	3	0	1	200	178	1568	93	173	0	
19:24:03	2918	2637	4050	184	0	0	0	0	0	0	0	2925	2750	2637	2506	4050	2306	3	0	1	200	178	1121	540	173	0	
19:24:04	2918	2637	4050	183	0	0	0	0	0	0	0	2925	2750	2637	2506	4050	2306	3	0	1	200	178	0	1661	173	1	
19:24:05	2918	2637	4050	183	0	0	0	0	0	0	0	2925	2750	2637	2506	4050	2306	3	0	1	200	178	1639	22	173	0	
19:24:06	2918	2637	4050	184	0	0	0	0	0	0	0	2925	2750	2637	2506	4050	2306	3	0	1	200	178	1583	78	173	0	
19:24:07	2918	2631	4050	183	0	0	0	0	0	0	0	2925	2750	2637	2506	4050	2306	3	0	1	200	178	1606	55	174	0	
19:24:08	2925	2637	4056	185	0	0	0	0	0	0	0	2925	2750	2637	2506	4056	2306	3	0	1	200	178	1590	71	174	0	
19:24:09	2918	2631	4056	183	0	0	0	0	0	0	0	2925	2750	2637	2506	4056	2306	3	0	1	200	178	767	894	175	0	
19:24:10	2918	2637	4062	184	0	0	0	0	0	0	0	2925	2750	2637	2506	4062	2306	3	0	1	200	178	1606	55	177	0	
19:24:11	2925	2637	4062	183	0	0	0	0	0	0	0	2925	2750	2637	2506	4062	2306	3	0	1	200	178	0	1661	177	1	
19:24:12	2925	2637	4062	183	0	0	0	0	0	0	0	2925	2750	2637	2506	4062	2306	3	0	1	200	178	1843	182	179	0	
19:24:13	2918	2637	4062	184	0	0	0	0	0	0	0	2925	2750	2637	2506	4062	2306	3	0	1	200	178	1803	142	180	0	
19:24:14	2918	2637	4062	183	0	0	0	0	0	0	0	2925	2750	2637	2506	4062	2306	3	0	1	200	178	1653	8	180	0	
19:24:15	2925	2637	4062	183	0	0	0	0	0	0	0	2925	2750	2637	2506	4062	2306	3	0	1	200	178	1600	61	180	0	
19:24:16	2918	2637	4062	183	0	0	0	0	0	0	0	2925	2750	2637	2506	4062	2306	3	0	1	200	178	2239	578	180	0	
19:24:17	2925	2637	4062	184	0	0	0	0	0	0	0	2925	2750	2637	2506	4062	2306	3	0	1	200	178	1325	336	180	0	
19:24:19	2925	2637	4062	184	0	0	0	0	0	0	0	2925	2750	2637	2506	4068	2306	3	0	1	200	178	1807	146	180	0	
19:24:20	2918	2637	4068	184	0	0	0	0	0	0	0	2925	2750	2637	2506	4068	2306	3	0	1	200	178	0	1661	181	1	
19:24:21	2925	2637	4068	184	0	0	0	0	0	0	0	2925	2750	2637	2506	4068	2306	3	0	1	200	178	1584	77	181	0	
19:24:22	2918	2637	4068	183	0	0	0	0	0	0	0	2925	2750	2637	2506	4068	2306	3	0	1	200	178	1760	99	182	0	
19:24:23	2925	2637	4068	183	0	0	0	0	0	0	0	2925	2750	2637	2506	4068	2306	3	0	1	200	178	1534	127	183	0	
19:24:24	2925	2637	4068	182	0	0	0	0	0	0	0	2925	2750	2637	2506	4068	2306	3	0	1	200	178	1754	93	183	0	
19:24:25	2925	2637	4068	184	0	0	0	0	0	0	0	2925	2750	2637	2506	4068	2306	3	0	1	200	178	1170	491	183	0	
19:24:26	2925	2637	4075	183	0	0	0	0	0	0	0	2925	2750	2637	2506	4075	2306	3	0	1	200	178	1605	56	184	0	
19:24:27	2925	2637	4068	184	0	0	0	0	0	0	0	2925	2750	2637	2506	4075	2306	3	0	1	200	178	1621	40	184	0	
19:24:28	2925	2643	4068	184	0	0	0	0	0	0	0	2925	2750	2643	2506	4075	2306	3	0	1	200	178	1776	115	185	0	
19:24:29	2925	2637	4075	183	0	0	0	0	0	0	0	2925	2750	2643	2506	4075	2306	3	0	1	200	178	1617	44	186	0	
19:24:30	2925	2637	4075	185	0	0	0	0	0	0	0	2925	2750	2643	2506	4075	2306	3	0	1	200	178	1613	48	186	0	
19:24:31	2925	2637	4075	184	0	0	0	0	0	0	0	2925	2750	2643	2506	4075	2306	3	0	1	200	178	0	1661	187	1	
19:24:32	2925	2637	4075	184	0	0	0	0	0	0	0	2925	2750	2643	2506	4075	2306	3	0	1	200	178	1834	173	187	0	
19:24:33	2925	2637	4075	184	0	0	0	0	0	0	0	2925	2750	2643	2506	4075	2306	3	0	1	200	178	1779	118	189	0	
19:24:34	2925	2637	4081	184	0	0	0	0	0	0	0	2925	2750	2643	2506	4081	2306	3	0	1	200	178	1583	78	190	0	
19:24:35	2925	2637	4081	184	0	0	0	0	0	0	0	2925	2750	2643	2506	4081	2306	3	0	1	200	178	1535	126	192	0	
19:24:36	2925	2637	4081	183	0	0	0	0	0	0	0	2925	2750	2643	2506	4081	2306	3	0	1	200	178	0	1661	193	1	
19:24:37	2925	2637	4081	184	0	0	0	0	0	0	0	2925	2750	2643	2506	4081	2306	3	0	1	200	178	1721	60	193	0	
19:24:38	2925	2637	4081	184	0	0	0	0	0	0	0	2925	2750	2643	2506	4081	2306	3	0	1	200	178	124	1537	193	0	
19:24:39	2925	2637	4081	184	0	0	0	0	0	0	0	2925	2750	2643	2506	4081	2306	3	0	1	200	178	1755	94	194	0	
19:24:40	2925	2637	4081	183	0	0	0	0	0	0	0	2925	2750	2643	2506	4081	2306	3	0	1	200	178	1677	16	194	0	
19:24:41	2925	2637	4081	183	0	0	0	0	0	0	0	2925	2750	2643	2506	4081	2306	3	0	1	200	178	1808	147	194	0	
19:24:42	2925	2637	4081	183	0	0	0	0	0	0	0	2925	2750	2643	2506	4081	2306	3	0	1	200	178	1947	286	195	0	
19:24:43	2925	2643	4081	184	0	0	0	0	0	0	0	2925	2750	2643	2506	4081	2306	3	0	1	200	178	1666	5	195	0	
19:24:44	2925	2637	4081	184	0	0	0	0	0	0	0	2925	2750	2643	2506	4081	2306	3	0	1	200	178	1669	8	196	0	
19:24:45	2925	2637	4081	183	0	0	0	0	0	0	0	2925	2750	2643	2506	4081	2306	3	0	1	200	178	774	887	196	0	
19:24:47	2925	2637	4081	183	0	0	0	0	0	0	0	2925	2750	2643	2506	4081	2306	3	0	1	200	178	1668	7	196	0	
19:24:48	2925	2643	4081	184	0	0	0	0	0	0	0	2925	2750	2643	2506	4081	2306	3	0	1	200	178	1793	132	198	0	
19:24:49	2925	2637	4081	184	0	0	0	0	0	0	0	2925	2750	2643	2506	4081	2306	3	0	1	200	178	0	1661	198	1	
19:24:50	2925	2637	4081	184	0	0	0	0	0	0	0	2925	2750	2643	2506	4081	2306	3	0	1	200	178	1633	28	199	0	
19:24:51	2925	2643	4081	183	0	0	0	0	0	0	0	2925	2750	2643	2506	4081	2306	3	0	1	200	178	1606	55	200	0	
19:24:52	2925	2637	4075	183	0	0	0	0	0	0	0	2925	2750	2643	2506	4081	2306	3	0	1	200	178	0	1661	200	1	
19:24:53	2925	2637	4075	183	0	0	0	0	0	0	0	2925	2750	2643	2506	4081	2306	3	0	1	200	178	1661	0	200	0	
19:24:54	2925	2643	4075	183	0	0	0	0	0	0	0	2925	2750	2643	2506	4081	2306	3	0	1	200	178	1721	60	200	0	
19:24:55	2925	2637	4075	184	0	0	0	0	0	0	0	2925	2750	2643	2506	4081	2306	3	0	1	200	178	1613	48	201	0	
19:24:56	2925	2643	4075	184	0	0	0	0	0	0	0	2925	2750	2643	2506	4081	2306	3	0	1	200	178	1535	126	202	0	
19:24:57	2925	2643	4075	183	0	0	0	0	0	0	0	2925	2750	2643	2506	4081	2306	3	0	1	200	178	1439	222	204	0	
19:24:58	2925	2637	4075	184	0	0	0	0	0	0	0	2925	2750	2643	2506	4081	2306	3	0	1	200	178	1823	162	205	0	
19:24:59	2925	2637	4068	184	0	0	0	0	0	0	0	2925	2750	2643	2506	4081	2306	3	0	1	200	178	461	1200	205	0	
19:25:00	2925	2643	4075	183	0	0	0	0	0	0	0	2925	2750	2643	2506	4081	2306	3	0	1	200	178	1625	36	207	0	
19:25:01	2925	2643	4075	184	0	0	0	0	0	0	0	2925	2750	2643	2506	4081	2306	3	0	1	200	178	1647	14	208	0	
19:25:02	2925	2643	4075	183	0	0	0	0	0	0	0	2925	2750	2643	2506	4081	2306	3	0	1	200	178	1793	132	208	0	
19:25:03	2931	2643	4075	183	0	0	0	0	0	0	0	2931	2750	2643	2506	4081	2306	3	0	1	200	178	1616	45	209	0	
19:25:04	2925	2637	4075	183	0	0	0	0	0	0	0	2931	2750	2643	2506	4081	2306	3	0	1	200	178	1568	93	209	0	
19:25:05	2925	2637	4075	183	0	0	0	0	0	0	0	2931	2750	2643	2506	4081	2306	3	0	1	200	178	1681	20	209	0	
19:25:06	2931	2637	4075	185	0	0	0	0	0	0	0	2931	2750	2643	2506	4081	2306	3	0	1	200	178	1407	254	209	0	
19:25:07	2925	2643	4075	183	0	0	0	0	0	0	0	2931	2750	2643	2506	4081	2306	3	0	1	200	178	1520	141	210	0	
19:25:08	2931	2637	4081	184	0	0	0	0	0	0	0	2931	2750	2643	2506	4081	2306	3	0	1	200	178	0	1661	213	1	
19:25:09	2925	2643	4075	183	0	0	0	0	0	0	0	2931	2750	2643	2506	4081	2306	3	0	1	200	178	1590	71	215	0	
19:25:10	2931	2643	4081	183	0	0	0	0	0	0	0	2931	2750	2643	2506	4081	2306	3	0	1	200	178	1706	45	215	0	
19:25:11	2925	2637	4081	183	0	0	0	0	0	0	0	2931	2750	2643	2506	4081	2306	3	0	1	200	178	1251	410	215	0	
19:25:12	2931	2643	4081	182	0	0	0	0	0	0	0	2931	2750	2643	2506	4081	2306	3	0	1	200	178	1823	162	215	0	
19:25:14	2925	2643	4081	183	0	0	0	0	0	0	0	2931	2750	2643	2506	4081	2306	3	0	1	200	178	0	1661	215	1	
19:25:15	2925	2637	4081	184	0	0	0	0	0	0	0	2931	2750	2643	2506	4081	2306	3	0	1	200	178	1745	84	216	0	
19:25:16	2925	2637	4081	184	0	0	0	0	0	0	0	2931	2750	2643	2506	4081	2306	3	0	1	200	178	1797	136	216	0	
19:25:17	2931	2637	4075	183	0	0	0	0	0	0	0	2931	2750	2643	2506	4081	2306	3	0	1	200	178	2044	383	216	0	
19:25:18	2931	2643	4075	183	0	0	0	0	0	0	0	2931	2750	2643	2506	4081	2306	3	0	1	200	178	1749	88	216	0	
19:25:19	2931	2637	4075	184	0	0	0	0	0	0	0	2931	2750	2643	2506	4081	2306	3	0	1	200	178	1685	24	216	0	
19:25:20	2925	2643	4075	184	0	0	0	0	0	0	0	2931	2750	2643	2506	4081	2306	3	0	1	200	178	1672	11	217	0	
19:25:21	2931	2643	4075	184	0	0	0	0	0	0	0	2931	2750	2643	2506	4081	2306	3	0	1	200	178	1615	46	220	0	
19:25:22	2931	2637	4075	183	0	0	0	0	0	0	0	2931	2750	2643	2506	4081	2306	3	0	1	200	178	1783	122	221	0	
19:25:23	2925	2643	4075	183	0	0	0	0	0	0	0	2931	2750	2643	2506	4081	2306	3	0	1	200	178	0	1661	221	1	
19:25:24	2931	2643	4075	182	0	0	0	0	0	0	0	2931	2750	2643	2506	4081	2306	3	0	1	200	178	1600	61	221	0	
19:25:25	2931	2643	4075	183	0	0	0	0	0	0	0	2931	2750	2643	2506	4081	2306	3	0	1	200	178	0	1661	222	1	
19:25:26	2925	2643	4075	183	0	0	0	0	0	0	0	2931	2750	2643	2506	4081	2306	3	0	1	200	178	1633	28	222	0	
19:25:27	2931	2643	4068	184	0	0	0	0	0	0	0	2931	2750	2643	2506	4081	2306	3	0	1	200	178	1730	69	222	0	
19:25:28	2931	2643	4068	183	0	0	0	0	0	0	0	2931	2750	2643	2506	4081	2306	3	0	1	200	178	1562	99	223	0	
19:25:29	2931	2643	4068	183	0	0	0	0	0	0	0	2931	2750	2643	2506	4081	2306	3	0	1	200	178	1535	126	224	0	
19:25:30	2931	2643	4068	183	0	0	0	0	0	0	0	2931	2750	2643	2506	4081	2306	3	0	1	200	178	432	1229	224	0	
19:25:31	2931	2643	4068	183	0	0	0	0	0	0	0	2931	2750	2643	2506	4081	2306	3	0	1	200	178	1596	65	225	0	
19:25:32	2931	2637	4068	184	0	0	0	0	0	0	0	2931	2750	2643	2506	4081	2306	3	0	1	200	178	2178	517	227	0	
19:25:33	2931	2637	4062	185	0	0	0	0	0	0	0	2931	2750	2643	2506	4081	2306	3	0	1	200	178	0	1661	228	1	
19:25:34	2931	2643	4062	184	0	0	0	0	0	0	0	2931	2750	2643	2506	4081	2306	3	0	1	200	178	1650	11	230	0	
19:25:35	2931	2643	4062	184	0	0	0	0	0	0	0	2931	2750	2643	2506	4081	2306	3	0	1	200	178	1631	30	231	0	
19:25:36	2931	2643	4062	183	0	0	0	0	0	0	0	2931	2750	2643	2506	4081	2306	3	0	1	200	178	1792	131	233	0	
19:25:37	2931	2643	4056	184	0	0	0	0	0	0	0	2931	2750	2643	2506	4081	2306	3	0	1	200	178	1707	46	233	0	
19:25:38	2931	2643	4056	183	0	0	0	0	0	0	0	2931	2750	2643	2506	4081	2306	3	0	1	200	178	1467	194	233	0	
19:25:39	2931	2643	4056	183	0	0	0	0	0	0	0	2931	2750	2643	2506	4081	2306	3	0	1	200	178	1614	47	234	0	
19:25:40	2931	2643	4056	183	0	0	0	0	0	0	0	2931	2750	2643	2506	4081	2306	3	0	1	200	178	1627	34	235	0	
19:25:41	2931	2643	4056	184	0	0	0	0	0	0	0	2931	2750	2643	2506	4081	2306	3	0	1	200	178	1667	6	235	0	
19:25:42	2931	2643	4056	184	0	0	0	0	0	0	0	2931	2750	2643	2506	4081	2306	3	0	1	200	178	1771	110	235	0	
19:25:44	2931	2643	4056	184	0	0	0	0	0	0	0	2931	2750	2643	2506	4081	2306	3	0	1	200	178	819	842	235	0	
19:25:45	2931	2643	4056	183	0	0	0	0	0	0	0	2931	2750	2643	2506	4081	2306	3	0	1	200	178	1535	126	236	0	
19:25:46	2931	2643	4050	182	0	0	0	0	0	0	0	2931	2750	2643	2506	4081	2306	3	0	1	200	178	1493	168	237	0	
19:25:47	2931	2643	4050	184	0	0	0	0	0	0	0	2931	2750	2643	2506	4081	2306	3	0	1	200	178	0	1661	237	1	
19:25:48	2931	2643	4050	183	0	0	0	0	0	0	0	2931	2750	2643	2506	4081	2306	3	0	1	200	178	1623	38	237	0	
19:25:49	2931	2643	4043	183	0	0	0	0	0	0	0	2931	2750	2643	2506	4081	2306	3	0	1	200	178	1671	10	237	0	
19:25:50	2931	2643	4043	184	0	0	0	0	0	0	0	2931	2750	2643	2506	4081	2306	3	0	1	200	178	1648	13	237	0	
19:25:51	2931	2643	4043	183	0	0	0	0	0	0	0	2931	2750	2643	2506	4081	2306	3	0	1	200	178	1810	149	238	0	
19:25:52	2931	2643	4037	182	0	0	0	0	0	0	0	2931	2750	2643	2506	4081	2306	3	0	1	200	178	70	1591	238	0	
19:25:53	2931	2643	4037	183	0	0	0	0	0	0	0	2931	2750	2643	2506	4081	2306	3	0	1	200	178	1854	193	238	0	
19:25:54	2931	2643	4037	184	0	0	0	0	0	0	0	2931	2750	2643	2506	4081	2306	3	0	1	200	178	0	1661	238	1	
19:25:55	2931	2643	4031	183	0	0	0	0	0	0	0	2931	2750	2643	2506	4081	2306	3	0	1	200	178	1612	49	240	0	
19:25:56	2931	2650	4031	184	0	0	0	0	0	0	0	2931	2750	2650	2506	4081	2306	3	0	1	200	178	1591	70	243	0	
19:25:57	2931	2643	4031	182	0	0	0	0	0	0	0	2931	2750	2650	2506	4081	2306	3	0	1	200	178	1491	170	243	0	
19:25:58	2931	2643	4031	183	0	0	0	0	0	0	0	2931	2750	2650	2506	4081	2306	3	0	1	200	178	1521	140	243	0	
19:25:59	2931	2643	4031	183	0	0	0	0	0	0	0	2931	2750	2650	2506	4081	2306	3	0	1	200	178	1627	34	246	0	
19:26:00	2931	2643	4025	184	0	0	0	0	0	0	0	2931	2750	2650	2506	4081	2306	3	0	1	200	178	1658	3	247	0	
19:26:01	2931	2643	4025	183	0	0	0	0	0	0	0	2931	2750	2650	2506	4081	2306	3	0	1	200	178	1634	27	247	0	
19:26:02	2931	2643	4025	183	0	0	0	0	0	0	0	2931	2750	2650	2506	4081	2306	3	0	1	200	178	639	1022	247	0	
19:26:03	2931	2643	4018	183	0	0	0	0	0	0	0	2931	2750	2650	2506	4081	2306	3	0	1	200	178	1683	22	247	0	
19:26:04	2931	2637	4018	182	0	0	0	0	0	0	0	2931	2750	2650	2506	4081	2306	3	0	1	200	178	1610	51	248	0	
19:26:05	2931	2643	4018	184	0	0	0	0	0	0	0	2931	2750	2650	2506	4081	2306	3	0	1	200	178	1728	67	249	0	
19:26:06	2931	2643	4012	182	0	0	0	0	0	0	0	2931	2750	2650	2506	4081	2306	3	0	1	200	178	1795	134	250	0	
19:26:07	2931	2643	4012	184	0	0	0	0	0	0	0	2931	2750	2650	2506	4081	2306	3	0	1	200	178	1907	246	251	0	
19:26:09	2931	2643	4012	184	0	0	0	0	0	0	0	2931	2750	2650	2506	4081	2306	3	0	1	200	178	1646	15	252	0	
19:26:10	2931	2643	4006	184	0	0	0	0	0	0	0	2931	2750	2650	2506	4081	2306	3	0	1	200	178	1611	50	252	0	
19:26:11	2931	2643	4006	183	0	0	0	0	0	0	0	2931	2750	2650	2506	4081	2306	3	0	1	200	178	1565	96	252	0	
19:26:12	2931	2643	4006	184	0	0	0	0	0	0	0	2931	2750	2650	2506	4081	2306	3	0	1	200	178	1607	54	252	0	
19:26:13	2937	2643	4000	184	0	0	0	0	0	0	0	2937	2750	2650	2506	4081	2306	3	0	1	200	178	1691	30	252	0	
19:26:14	2931	2643	4006	183	0	0	0	0	0	0	0	2937	2750	2650	2506	4081	2306	3	0	1	200	178	1719	58	252	0	
19:26:15	2937	2643	4006	183	0	0	0	0	0	0	0	2937	2750	2650	2506	4081	2306	3	0	1	200	178	1634	27	252	0	
19:26:16	2931	2643	4006	184	0	0	0	0	0	0	0	2937	2750	2650	2506	4081	2306	3	0	1	200	178	1873	212	252	0	
19:26:17	2937	2643	4006	183	0	0	0	0	0	0	0	2937	2750	2650	2506	4081	2306	3	0	1	200	178	1612	49	253	0	
19:26:18	2937	2643	4006	184	0	0	0	0	0	0	0	2937	2750	2650	2506	4081	2306	3	0	1	200	178	576	1085	255	0	
19:26:19	2937	2643	4000	184	0	0	0	0	0	0	0	2937	2750	2650	2506	4081	2306	3	0	1	200	178	1580	81	0	0	
19:26:20	2937	2643	4006	184	0	0	0	0	0	0	0	2937	2750	2650	2506	4081	2306	3	0	1	200	178	1646	15	1	0	
19:26:21	2931	2643	4000	183	0	0	0	0	0	0	0	2937	2750	2650	2506	4081	2306	3	0	1	200	178	0	1661	1	1	
19:26:22	2937	2643	4000	183	0	0	0	0	0	0	0	2937	2750	2650	2506	4081	2306	3	0	1	200	178	1616	45	1	0	
19:26:23	2931	2650	4000	184	0	0	0	0	0	0	0	2937	2750	2650	2506	4081	2306	3	0	1	200	178	0	1661	1	1	
19:26:24	2931	2643	4000	184	0	0	0	0	0	0	0	2937	2750	2650	2506	4081	2306	3	0	1	200	178	1651	10	3	0	
19:26:25	2931	2643	4000	183	0	0	0	0	0	0	0	2937	2750	2650	2506	4081	2306	3	0	1	200	178	1847	186	5	0	
19:26:26	2931	2643	4000	183	0	0	0	0	0	0	0	2937	2750	2650	2506	4081	2306	3	0	1	200	178	1677	16	6	0	
19:26:27	2931	2643	4000	183	0	0	0	0	0	0	0	2937	2750	2650	2506	4081	2306	3	0	1	200	178	1626	35	7	0	
19:26:28	2937	2643	4000	183	0	0	0	0	0	0	0	2937	2750	2650	2506	4081	2306	3	0	1	200	178	900	761	8	0	
19:26:29	2931	2650	4000	184	0	0	0	0	0	0	0	2937	2750	2650	2506	4081	2306	3	0	1	200	178	0	1661	9	1	
19:26:31	2931	2643	3993	184	0	0	0	0	0	0	0	2937	2750	2650	2506	4081	2306	3	0	1	200	178	1600	61	9	0	
19:26:32	2937	2650	3993	184	0	0	0	0	0	0	0	2937	2750	2650	2506	4081	2306	3	0	1	200	178	688	973	9	0	
19:26:33	2937	2643	3993	182	0	0	0	0	0	0	0	2937	2750	2650	2506	4081	2306	3	0	1	200	178	1809	148	9	0	
19:26:34	2937	2643	3993	183	0	0	0	0	0	0	0	2937	2750	2650	2506	4081	2306	3	0	1	200	178	1664	3	10	0	
19:26:35	2937	2643	3993	183	0	0	0	0	0	0	0	2937	2750	2650	2506	4081	2306	3	0	1	200	178	0	1661	11	1	
19:26:36	2937	2643	3993	183	0	0	0	0	0	0	0	2937	2750	2650	2506	4081	2306	3	0	1	200	178	1768	107	11	0	
19:26:37	2931	2643	3987	184	0	0	0	0	0	0	0	2937	2750	2650	2506	4081	2306	3	0	1	200	178	0	1661	12	1	
19:26:38	2937	2643	3987	183	0	0	0	0	0	0	0	2937	2750	2650	2506	4081	2306	3	0	1	200	178	1635	26	12	0	
19:26:39	2937	2643	3987	184	0	0	0	0	0	0	0	2937	2750	2650	2506	4081	2306	3	0	1	200	178	1781	120	12	0	
19:26:40	2937	2650	3987	183	0	0	0	0	0	0	0	2937	2750	2650	2506	4081	2306	3	0	1	200	178	1814	153	12	0	
19:26:41	2931	2643	3987	183	0	0	0	0	0	0	0	2937	2750	2650	2506	4081	2306	3	0	1	200	178	1623	38	12	0	
19:26:42	2937	2643	3987	183	0	0	0	0	0	0	0	2937	2750	2650	2506	4081	2306	3	0	1	200	178	1585	76	13	0	
19:26:43	2931	2643	3981	185	0	0	0	0	0	0	0	2937	2750	2650	2506	4081	2306	3	0	1	200	178	0	1661	14	1	
19:26:44	2931	2650	3981	184	0	0	0	0	0	0	0	2937	2750	2650	2506	4081	2306	3	0	1	200	178	2367	706	14	0	
19:26:45	2937	2643	3981	183	0	0	0	0	0	0	0	2937	2750	2650	2506	4081	2306	3	0	1	200	178	1687	26	15	0	
19:26:46	2937	2650	3981	185	0	0	0	0	0	0	0	2937	2750	2650	2506	4081	2306	3	0	1	200	178	2343	682	15	0	
19:26:47	2937	2650	3981	183	0	0	0	0	0	0	0	2937	2750	2650	2506	4081	2306	3	0	1	200	178	1669	8	15	0	
19:26:48	2937	2650	3981	184	0	0	0	0	0	0	0	2937	2750	2650	2506	4081	2306	3	0	1	200	178	784	877	16	0	
19:26:49	2937	2650	3981	183	0	0	0	0	0	0	0	2937	2750	2650	2506	4081	2306	3	0	1	200	178	1669	8	16	0	
19:26:50	2937	2643	3981	183	0	0	0	0	0	0	0	2937	2750	2650	2506	4081	2306	3	0	1	200	178	1641	20	16	0	
19:26:51	2937	2643	3975	183	0	0	0	0	0	0	0	2937	2750	2650	2506	4081	2306	3	0	1	200	178	368	1293	16	0	
19:26:52	2937	2643	3981	184	0	0	0	0	0	0	0	2937	2750	2650	2506	4081	2306	3	0	1	200	178	1440	221	16	0	
19:26:53	2937	2650	3975	183	0	0	0	0	0	0	0	2937	2750	2650	2506	4081	2306	3	0	1	200	178	0	1661	17	1	
19:26:54	2937	2650	3975	184	0	0	0	0	0	0	0	2937	2750	2650	2506	4081	2306	3	0	1	200	178	1694	33	18	0	
19:26:55	2937	2643	3968	184	0	0	0	0	0	0	0	2937	2750	2650	2506	4081	2306	3	0	1	200	178	1662	1	18	0	
19:26:56	2937	2650	3968	183	0	0	0	0	0	0	0	2937	2750	2650	2506	4081	2306	3	0	1	200	178	1712	51	18	0	
19:26:57	2937	2650	3968	182	0	0	0	0	0	0	0	2937	2750	2650	2506	4081	2306	3	0	1	200	178	1891	230	18	0	
19:26:58	2937	2650	3968	184	0	0	0	0	0	0	0	2937	2750	2650	2506	4081	2306	3	0	1	200	178	274	1387	18	0	
19:27:00	2937	2643	3968	183	0	0	0	0	0	0	0	2937	2750	2650	2506	4081	2306	3	0	1	200	178	1793	132	18	0	
19:27:01	2937	2650	3968	183	0	0	0	0	0	0	0	2937	2750	2650	2506	4081	2306	3	0	1	200	178	1843	182	20	0	
19:27:02	2937	2650	3962	183	0	0	0	0	0	0	0	2937	2750	2650	2506	4081	2306	3	0	1	200	178	0	1661	21	1	
19:27:03	2937	2650	3962	184	0	0	0	0	0	0	0	2937	2750	2650	2506	4081	2306	3	0	1	200	178	1648	13	23	0	
19:27:04	2937	2650	3962	183	0	0	0	0	0	0	0	2937	2750	2650	2506	4081	2306	3	0	1	200	178	1594	67	24	0	
19:27:05	2937	2650	3962	184	0	0	0	0	0	0	0	2937	2750	2650	2506	4081	2306	3	0	1	200	178	1650	11	24	0	
19:27:06	2937	2643	3962	183	0	0	0	0	0	0	0	2937	2750	2650	2506	4081	2306	3	0	1	200	178	1837	176	25	0	
19:27:07	2937	2643	3956	183	0	0	0	0	0	0	0	2937	2750	2650	2506	4081	2306	3	0	1	200	178	59	1602	25	0	
19:27:08	2937	2650	3956	184	0	0	0	0	0	0	0	2937	2750	2650	2506	4081	2306	3	0	1	200	178	1599	62	26	0	
19:27:09	2937	2650	3956	184	0	0	0	0	0	0	0	2937	2750	2650	2506	4081	2306	3	0	1	200	178	1813	152	28	0	
19:27:10	2937	2650	3956	183	0	0	0	0	0	0	0	2937	2750	2650	2506	4081	2306	3	0	1	200	178	1664	3	28	0	
19:27:11	2937	2650	3956	184	0	0	0	0	0	0	0	2937	2750	2650	2506	4081	2306	3	0	1	200	178	1669	8	31	0	
19:27:12	2937	2650	3956	185	0	0	0	0	0	0	0	2937	2750	2650	2506	4081	2306	3	0	1	200	178	1633	28	31	0	
19:27:13	2937	2650	3950	184	0	0	0	0	0	0	0	2937	2750	2650	2506	4081	2306	3	0	1	200	178	0	1661	32	1	
19:27:14	2937	2650	3950	184	0	0	0	0	0	0	0	2937	2750	2650	2506	4081	2306	3	0	1	200	178	811	850	33	0	
19:27:15	2937	2650	3950	184	0	0	0	0	0	0	0	2937	2750	2650	2506	4081	2306	3	0	1	200	178	1918	257	33	0	
19:27:16	2937	2650	3950	184	0	0	0	0	0	0	0	2937	2750	2650	2506	4081	2306	3	0	1	200	178	1599	62	33	0	
19:27:17	2937	2650	3950	183	0	0	0	0	0	0	0	2937	2750	2650	2506	4081	2306	3	0	1	200	178	1598	63	33	0	
19:27:18	2937	2650	3943	182	0	0	0	0	0	0	0	2937	2750	2650	2506	4081	2306	3	0	1	200	178	1759	98	33	0	
19:27:19	2937	2643	3943	184	0	0	0	0	0	0	0	2937	2750	2650	2506	4081	2306	3	0	1	200	178	1286	375	35	0	
19:27:20	2937	2650	3937	185	0	0	0	0	0	0	0	2937	2750	2650	2506	4081	2306	3	0	1	200	178	575	1086	36	0	
19:27:21	2937	2650	3937	183	0	0	0	0	0	0	0	2937	2750	2650	2506	4081	2306	3	0	1	200	178	1991	330	37	0	
19:27:22	2937	2650	3931	185	0	0	0	0	0	0	0	2937	2750	2650	2506	4081	2306	3	0	1	200	178	1643	18	38	0	
19:27:23	2937	2650	3931	183	0	0	0	0	0	0	0	2937	2750	2650	2506	4081	2306	3	0	1	200	178	1635	26	38	0	
19:27:24	2937	2650	3931	182	0	0	0	0	0	0	0	2937	2750	2650	2506	4081	2306	3	0	1	200	178	1607	54	38	0	
19:27:26	2937	2650	3931	183	0	0	0	0	0	0	0	2937	2750	2650	2506	4081	2306	3	0	1	200	178	1563	98	38	0	
19:27:27	2937	2650	3925	184	0	0	0	0	0	0	0	2937	2750	2650	2506	4081	2306	3	0	1	200	178	1606	55	38	0	
19:27:28	2937	2650	3925	184	0	0	0	0	0	0	0	2937	2750	2650	2506	4081	2306	3	0	1	200	178	1602	59	39	0	
19:27:29	2937	2650	3925	184	0	0	0	0	0	0	0	2937	2750	2650	2506	4081	2306	3	0	1	200	178	0	1661	39	1	
19:27:30	2937	2650	3918	183	0	0	0	0	0	0	0	2937	2750	2650	2506	4081	2306	3	0	1	200	178	1609	52	40	0	
19:27:31	2937	2650	3918	183	0	0	0	0	0	0	0	2937	2750	2650	2506	4081	2306	3	0	1	200	178	1948	287	41	0	
19:27:32	2937	2650	3918	184	0	0	0	0	0	0	0	2937	2750	2650	2506	4081	2306	3	0	1	200	178	1610	51	41	0	
19:27:33	2937	2650	3918	184	0	0	0	0	0	0	0	2937	2750	2650	2506	4081	2306	3	0	1	200	178	1587	74	41	0	
19:27:34	2937	2650	3918	183	0	0	0	0	0	0	0	2937	2750	2650	2506	4081	2306	3	0	1	200	178	1619	42	41	0	
19:27:35	2937	2650	3918	184	0	0	0	0	0	0	0	2937	2750	2650	2506	4081	2306	3	0	1	200	178	2233	572	41	0	
19:27:36	2937	2650	3912	182	0	0	0	0	0	0	0	2937	2750	2650	2506	4081	2306	3	0	1	200	178	1695	34	42	0	
19:27:37	2937	2650	3912	184	0	0	0	0	0	0	0	2937	2750	2650	2506	4081	2306	3	0	1	200	178	1817	156	43	0	
19:27:38	2937	2650	3912	183	0	0	0	0	0	0	0	2937	2750	2650	2506	4081	2306	3	0	1	200	178	1600	61	45	0	
19:27:39	2937	2650	3906	184	0	0	0	0	0	0	0	2937	2750	2650	2506	4081	2306	3	0	1	200	178	0	1661	46	1	
19:27:40	2937	2650	3906	183	0	0	0	0	0	0	0	2937	2750	2650	2506	4081	2306	3	0	1	200	178	1681	20	46	0	
19:27:41	2937	2650	3906	183	0	0	0	0	0	0	0	2937	2750	2650	2506	4081	2306	3	0	1	200	178	1589	72	47	0	
19:27:42	2937	2650	3906	181	0	0	0	0	0	0	0	2937	2750	2650	2506	4081	2306	3	0	1	200	178	1622	39	48	0	
19:27:43	2937	2650	3900	183	0	0	0	0	0	0	0	2937	2750	2650	2506	4081	2306	3	0	1	200	178	1611	50	48	0	
19:27:44	2937	2650	3900	184	0	0	0	0	0	0	0	2937	2750	2650	2506	4081	2306	3	0	1	200	178	1333	328	48	0	
19:27:45	2937	2650	3900	184	0	0	0	0	0	0	0	2937	2750	2650	2506	4081	2306	3	0	1	200	178	1761	100	51	0	
19:27:46	2937	2650	3900	183	0	0	0	0	0	0	0	2937	2750	2650	2506	4081	2306	3	0	1	200	178	1951	290	52	0	
19:27:47	2937	2650	3900	183	0	0	0	0	0	0	0	2937	2750	2650	2506	4081	2306	3	0	1	200	178	1694	33	52	0	
19:27:48	2937	2650	3893	183	0	0	0	0	0	0	0	2937	2750	2650	2506	4081	2306	3	0	1	200	178	2231	570	54	0	
19:27:49	2937	2650	3893	183	0	0	0	0	0	0	0	2937	2750	2650	2506	4081	2306	3	0	1	200	178	1584	77	57	0	
19:27:51	2937	2656	3893	183	0	0	0	0	0	0	0	2937	2750	2656	2506	4081	2306	3	0	1	200	178	971	690	57	0	
19:27:52	2937	2650	3893	183	0	0	0	0	0	0	0	2937	2750	2656	2506	4081	2306	3	0	1	200	178	1753	92	58	0	
19:27:53	2937	2650	3887	181	0	0	0	0	0	0	0	2937	2750	2656	2506	4081	2306	3	0	1	200	178	1584	77	58	0	
19:27:54	2937	2650	3887	183	0	0	0	0	0	0	0	2937	2750	2656	2506	4081	2306	3	0	1	200	178	1657	4	59	0	
19:27:55	2937	2656	3887	188	0	0	0	0	0	0	0	2937	2750	2656	2506	4081	2306	3	0	1	200	178	1746	85	60	0	
19:27:56	2937	2650	3881	183	0	0	0	0	0	0	0	2937	2750	2656	2506	4081	2306	3	0	1	200	178	1904	243	61	0	
19:27:57	2943	2650	3881	183	0	0	0	0	0	0	0	2943	2750	2656	2506	4081	2306	3	0	1	200	178	1645	16	62	0	
19:27:58	2937	2650	3881	182	0	0	0	0	0	0	0	2943	2750	2656	2506	4081	2306	3	0	1	200	178	0	1661	64	1	
19:27:59	2943	2650	3881	184	0	0	0	0	0	0	0	2943	2750	2656	2506	4081	2306	3	0	1	200	178	1520	141	64	0	
19:28:00	2937	2650	3881	183	0	0	0	0	0	0	0	2943	2750	2656	2506	4081	2306	3	0	1	200	178	1610	51	64	0	
19:28:01	2937	2650	3875	183	0	0	0	0	0	0	0	2943	2750	2656	2506	4081	2306	3	0	1	200	178	1589	72	66	0	
19:28:02	2937	2650	3875	183	0	0	0	0	0	0	0	2943	2750	2656	2506	4081	2306	3	0	1	200	178	1590	71	68	0	
19:28:03	2937	2650	3875	183	0	0	0	0	0	0	0	2943	2750	2656	2506	4081	2306	3	0	1	200	178	1639	22	68	0	
19:28:04	2937	2650	3868	184	0	0	0	0	0	0	0	2943	2750	2656	2506	4081	2306	3	0	1	200	178	1499	162	68	0	
19:28:05	2937	2650	3868	182	0	0	0	0	0	0	0	2943	2750	2656	2506	4081	2306	3	0	1	200	178	1653	8	68	0	
19:28:06	2937	2650	3862	184	0	0	0	0	0	0	0	2943	2750	2656	2506	4081	2306	3	0	1	200	178	1854	193	69	0	
19:28:07	2937	2650	3862	183	0	0	0	0	0	0	0	2943	2750	2656	2506	4081	2306	3	0	1	200	178	2222	561	69	0	
19:28:08	2937	2650	3856	184	0	0	0	0	0	0	0	2943	2750	2656	2506	4081	2306	3	0	1	200	178	1661	0	70	0	
19:28:09	2937	2650	3856	183	0	0	0	0	0	0	0	2943	2750	2656	2506	4081	2306	3	0	1	200	178	1630	31	71	0	
19:28:10	2937	2656	3850	184	0	0	0	0	0	0	0	2943	2750	2656	2506	4081	2306	3	0	1	200	178	1710	49	71	0	
19:28:11	2937	2650	3850	183	0	0	0	0	0	0	0	2943	2750	2656	2506	4081	2306	3	0	1	200	178	1587	74	72	0	
19:28:12	2937	2650	3850	183	0	0	0	0	0	0	0	2943	2750	2656	2506	4081	2306	3	0	1	200	178	1744	83	72	0	
19:28:13	2943	2650	3843	183	0	0	0	0	0	0	0	2943	2750	2656	2506	4081	2306	3	0	1	200	178	1697	36	72	0	
19:28:14	2937	2650	3843	183	0	0	0	0	0	0	0	2943	2750	2656	2506	4081	2306	3	0	1	200	178	1629	32	72	0	
19:28:15	2943	2650	3837	183	0	0	0	0	0	0	0	2943	2750	2656	2506	4081	2306	3	0	1	200	178	1872	211	75	0	
19:28:16	2943	2656	3837	184	0	0	0	0	0	0	0	2943	2750	2656	2506	4081	2306	3	0	1	200	178	1719	58	76	0	
19:28:17	2943	2650	3837	184	0	0	0	0	0	0	0	2943	2750	2656	2506	4081	2306	3	0	1	200	178	1759	98	77	0	
19:28:18	2937	2650	3831	183	0	0	0	0	0	0	0	2943	2750	2656	2506	4081	2306	3	0	1	200	178	1535	126	78	0	
19:28:20	2943	2650	3831	184	0	0	0	0	0	0	0	2943	2750	2656	2506	4081	2306	3	0	1	200	178	1510	151	78	0	
19:28:21	2943	2650	3825	183	0	0	0	0	0	0	0	2943	2750	2656	2506	4081	2306	3	0	1	200	178	1561	100	79	0	
19:28:22	2943	2656	3825	184	0	0	0	0	0	0	0	2943	2750	2656	2506	4081	2306	3	0	1	200	178	1807	146	80	0	
19:28:23	2937	2650	3825	184	0	0	0	0	0	0	0	2943	2750	2656	2506	4081	2306	3	0	1	200	178	1616	45	80	0	
19:28:24	2943	2650	3818	184	0	0	0	0	0	0	0	2943	2750	2656	2506	4081	2306	3	0	1	200	178	1663	2	81	0	
19:28:25	2943	2656	3818	185	0	0	0	0	0	0	0	2943	2750	2656	2506	4081	2306	3	0	1	200	178	1535	126	83	0	
19:28:26	2937	2656	3818	185	0	0	0	0	0	0	0	2943	2750	2656	2506	4081	2306	3	0	1	200	178	1662	1	83	0	
19:28:27	2937	2656	3812	183	0	0	0	0	0	0	0	2943	2750	2656	2506	4081	2306	3	0	1	200	178	1666	5	83	0	
19:28:28	2943	2650	3812	184	0	0	0	0	0	0	0	2943	2750	2656	2506	4081	2306	3	0	1	200	178	0	1661	83	1	
19:28:29	2937	2650	3812	183	0	0	0	0	0	0	0	2943	2750	2656	2506	4081	2306	3	0	1	200	178	1932	271	83	0	
19:28:30	2937	2650	3812	203	0	0	0	0	0	0	0	2943	2750	2656	2506	4081	2306	3	0	1	203	178	2018	357	83	0	
19:28:31	2937	2650	3812	185	0	0	0	0	0	0	0	2943	2750	2656	2506	4081	2306	3	0	1	203	178	1517	144	83	0	
19:28:32	2937	2656	3812	183	0	0	0	0	0	0	0	2943	2750	2656	2506	4081	2306	3	0	1	203	178	1660	1	83	0	
19:28:33	2937	2656	3806	185	0	0	0	0	0	0	0	2943	2750	2656	2506	4081	2306	3	0	1	203	178	1458	203	84	0	
19:28:34	2937	2656	3800	182	0	0	0	0	0	0	0	2943	2750	2656	2506	4081	2306	3	0	1	203	178	1700	39	85	0	
19:28:35	2943	2650	3800	183	0	0	0	0	0	0	0	2943	2750	2656	2506	4081	2306	3	0	1	203	178	1823	162	85	0	
19:28:36	2943	2650	3800	183	0	0	0	0	0	0	0	2943	2750	2656	2506	4081	2306	3	0	1	203	178	2471	810	85	0	
19:28:37	2943	2650	3793	184	0	0	0	0	0	0	0	2943	2750	2656	2506	4081	2306	3	0	1	203	178	1602	59	87	0	
19:28:38	2943	2650	3793	184	0	0	0	0	0	0	0	2943	2750	2656	2506	4081	2306	3	0	1	203	178	1495	166	87	0	
19:28:39	2937	2656	3793	182	0	0	0	0	0	0	0	2943	2750	2656	2506	4081	2306	3	0	1	203	178	1765	104	88	0	
19:28:40	2943	2650	3793	183	0	0	0	0	0	0	0	2943	2750	2656	2506	4081	2306	3	0	1	203	178	397	1264	89	0	
19:28:41	2943	2650	3793	184	0	0	0	0	0	0	0	2943	2750	2656	2506	4081	2306	3	0	1	203	178	1787	126	89	0	
19:28:42	2937	2650	3787	183	0	0	0	0	0	0	0	2943	2750	2656	2506	4081	2306	3	0	1	203	178	2533	872	91	0	
19:28:43	2937	2650	3787	182	0	0	0	0	0	0	0	2943	2750	2656	2506	4081	2306	3	0	1	203	178	1594	67	91	0	
19:28:44	2943	2650	3787	182	0	0	0	0	0	0	0	2943	2750	2656	2506	4081	2306	3	0	1	203	178	1657	4	93	0	
19:28:45	2937	2650	3787	183	0	0	0	0	0	0	0	2943	2750	2656	2506	4081	2306	3	0	1	203	178	1946	285	94	0	
19:28:47	2937	2650	3781	184	0	0	0	0	0	0	0	2943	2750	2656	2506	4081	2306	3	0	1	203	178	1711	50	94	0	
19:28:48	2937	2650	3781	184	0	0	0	0	0	0	0	2943	2750	2656	2506	4081	2306	3	0	1	203	178	1780	119	94	0	
19:28:49	2943	2650	3781	183	0	0	0	0	0	0	0	2943	2750	2656	2506	4081	2306	3	0	1	203	178	1555	106	94	0	
19:28:50	2943	2650	3775	183	0	0	0	0	0	0	0	2943	2750	2656	2506	4081	2306	3	0	1	203	178	1666	5	94	0	
19:28:51	2937	2656	3775	183	0	0	0	0	0	0	0	2943	2750	2656	2506	4081	2306	3	0	1	203	178	1585	76	95	0	
19:28:52	2943	2650	3775	182	0	0	0	0	0	0	0	2943	2750	2656	2506	4081	2306	3	0	1	203	178	1509	152	95	0	
19:28:53	2943	2656	3775	183	0	0	0	0	0	0	0	2943	2750	2656	2506	4081	2306	3	0	1	203	178	1696	35	95	0	
19:28:54	2943	2656	3768	182	0	0	0	0	0	0	0	2943	2750	2656	2506	4081	2306	3	0	1	203	178	1793	132	95	0	
19:28:55	2943	2656	3768	184	0	0	0	0	0	0	0	2943	2750	2656	2506	4081	2306	3	0	1	203	178	1595	66	96	0	
19:28:56	2943	2656	3768	183	0	0	0	0	0	0	0	2943	2750	2656	2506	4081	2306	3	0	1	203	178	1136	525	96	0	
19:28:57	2943	2650	3768	182	0	0	0	0	0	0	0	2943	2750	2656	2506	4081	2306	3	0	1	203	178	1681	20	97	0	
19:28:58	2937	2656	3768	183	0	0	0	0	0	0	0	2943	2750	2656	2506	4081	2306	3	0	1	203	178	1827	166	98	0	
19:28:59	2943	2656	3768	182	0	0	0	0	0	0	0	2943	2750	2656	2506	4081	2306	3	0	1	203	178	1671	10	98	0	
19:29:00	2943	2650	3768	184	0	0	0	0	0	0	0	2943	2750	2656	2506	4081	2306	3	0	1	203	178	1506	155	98	0	
19:29:01	2943	2650	3768	182	0	0	0	0	0	0	0	2943	2750	2656	2506	4081	2306	3	0	1	203	178	609	1052	99	0	
19:29:02	2943	2656	3768	183	0	0	0	0	0	0	0	2943	2750	2656	2506	4081	2306	3	0	1	203	178	1600	61	101	0	
19:29:03	2943	2650	3768	185	0	0	0	0	0	0	0	2943	2750	2656	2506	4081	2306	3	0	1	203	178	1703	42	102	0	
19:29:04	2943	2650	3762	183	0	0	0	0	0	0	0	2943	2750	2656	2506	4081	2306	3	0	1	203	178	1707	46	104	0	
19:29:05	2943	2650	3762	184	0	0	0	0	0	0	0	2943	2750	2656	2506	4081	2306	3	0	1	203	178	1782	121	105	0	
19:29:06	2943	2656	3762	183	0	0	0	0	0	0	0	2943	2750	2656	2506	4081	2306	3	0	1	203	178	1647	14	106	0	
19:29:07	2943	2656	3762	183	0	0	0	0	0	0	0	2943	2750	2656	2506	4081	2306	3	0	1	203	178	0	1661	108	1	
19:29:09	2943	2650	3762	183	0	0	0	0	0	0	0	2943	2750	2656	2506	4081	2306	3	0	1	203	178	1631	30	109	0	
19:29:10	2943	2650	3762	181	0	0	0	0	0	0	0	2943	2750	2656	2506	4081	2306	3	0	1	203	178	912	749	109	0	
19:29:11	2943	2656	3762	183	0	0	0	0	0	0	0	2943	2750	2656	2506	4081	2306	3	0	1	203	178	1643	18	110	0	
19:29:12	2943	2650	3762	184	0	0	0	0	0	0	0	2943	2750	2656	2506	4081	2306	3	0	1	203	178	1648	13	111	0	
19:29:13	2943	2656	3762	184	0	0	0	0	0	0	0	2943	2750	2656	2506	4081	2306	3	0	1	203	178	1691	30	111	0	
19:29:14	2943	2650	3762	183	0	0	0	0	0	0	0	2943	2750	2656	2506	4081	2306	3	0	1	203	178	1776	115	112	0	
19:29:15	2943	2656	3762	183	0	0	0	0	0	0	0	2943	2750	2656	2506	4081	2306	3	0	1	203	178	1401	260	112	0	
19:29:16	2943	2656	3762	182	0	0	0	0	0	0	0	2943	2750	2656	2506	4081	2306	3	0	1	203	178	0	1661	112	1	
19:29:17	2943	2650	3762	184	0	0	0	0	0	0	0	2943	2750	2656	2506	4081	2306	3	0	1	203	178	1597	64	112	0	
19:29:18	2943	2656	3762	183	0	0	0	0	0	0	0	2943	2750	2656	2506	4081	2306	3	0	1	203	178	1618	43	112	0	
19:29:19	2943	2650	3762	184	0	0	0	0	0	0	0	2943	2750	2656	2506	4081	2306	3	0	1	203	178	2096	435	113	0	
19:29:20	2943	2656	3762	183	0	0	0	0	0	0	0	2943	2750	2656	2506	4081	2306	3	0	1	203	178	1648	13	114	0	
19:29:21	2943	2656	3762	183	0	0	0	0	0	0	0	2943	2750	2656	2506	4081	2306	3	0	1	203	178	1665	4	114	0	
19:29:22	2950	2656	3762	183	0	0	0	0	0	0	0	2950	2750	2656	2506	4081	2306	3	0	1	203	178	1637	24	115	0	
19:29:23	2943	2650	3762	183	0	0	0	0	0	0	0	2950	2750	2656	2506	4081	2306	3	0	1	203	178	1535	126	116	0	
19:29:24	2943	2650	3756	183	0	0	0	0	0	0	0	2950	2750	2656	2506	4081	2306	3	0	1	203	178	0	1661	117	1	
19:29:25	2943	2656	3756	184	0	0	0	0	0	0	0	2950	2750	2656	2506	4081	2306	3	0	1	203	178	1645	16	118	0	
19:29:26	2943	2650	3756	184	0	0	0	0	0	0	0	2950	2750	2656	2506	4081	2306	3	0	1	203	178	1866	205	118	0	
19:29:27	2943	2650	3756	182	0	0	0	0	0	0	0	2950	2750	2656	2506	4081	2306	3	0	1	203	178	1637	24	119	0	
19:29:28	2943	2650	3756	182	0	0	0	0	0	0	0	2950	2750	2656	2506	4081	2306	3	0	1	203	178	1402	259	120	0	
19:29:29	2943	2650	3756	181	0	0	0	0	0	0	0	2950	2750	2656	2506	4081	2306	3	0	1	203	178	1645	16	121	0	
19:29:30	2943	2656	3756	183	0	0	0	0	0	0	0	2950	2750	2656	2506	4081	2306	3	0	1	203	178	4095	2434	123	0	
19:29:31	2943	2656	3756	183	0	0	0	0	0	0	0	2950	2750	2656	2506	4081	2306	3	0	1	203	178	596	1065	124	0	
19:29:32	2943	2650	3750	183	0	0	0	0	0	0	0	2950	2750	2656	2506	4081	2306	3	0	1	203	178	1611	50	124	0	
19:29:33	2943	2656	3756	183	0	0	0	0	0	0	0	2950	2750	2656	2506	4081	2306	3	0	1	203	178	1616	45	126	0	
19:29:34	2943	2650	3750	183	0	0	0	0	0	0	0	2950	2750	2656	2506	4081	2306	3	0	1	203	178	1647	14	126	0	
19:29:35	2943	2656	3750	183	0	0	0	0	0	0	0	2950	2750	2656	2506	4081	2306	3	0	1	203	178	1661	0	126	0	
19:29:36	2943	2650	3750	183	0	0	0	0	0	0	0	2950	2750	2656	2506	4081	2306	3	0	1	203	178	1771	110	127	0	
19:29:37	2943	2656	3750	184	0	0	0	0	0	0	0	2950	2750	2656	2506	4081	2306	3	0	1	203	178	528	1133	127	0	
19:29:38	2943	2656	3750	183	0	0	0	0	0	0	0	2950	2750	2656	2506	4081	2306	3	0	1	203	178	1408	253	128	0	
19:29:39	2943	2656	3750	184	0	0	0	0	0	0	0	2950	2750	2656	2506	4081	2306	3	0	1	203	178	0	1661	128	1	
19:29:41	2943	2656	3750	183	0	0	0	0	0	0	0	2950	2750	2656	2506	4081	2306	3	0	1	203	178	1507	154	129	0	
19:29:42	2943	2650	3750	184	0	0	0	0	0	0	0	2950	2750	2656	2506	4081	2306	3	0	1	203	178	1831	170	130	0	
19:29:43	2943	2656	3750	183	0	0	0	0	0	0	0	2950	2750	2656	2506	4081	2306	3	0	1	203	178	1677	16	131	0	
19:29:44	2943	2656	3750	182	0	0	0	0	0	0	0	2950	2750	2656	2506	4081	2306	3	0	1	203	178	1662	1	131	0	
19:29:45	2943	2656	3750	183	0	0	0	0	0	0	0	2950	2750	2656	2506	4081	2306	3	0	1	203	178	0	1661	131	1	
19:29:46	2943	2656	3750	183	0	0	0	0	0	0	0	2950	2750	2656	2506	4081	2306	3	0	1	203	178	1660	1	133	0	
19:29:47	2943	2650	3750	183	0	0	0	0	0	0	0	2950	2750	2656	2506	4081	2306	3	0	1	203	178	1584	77	134	0	
19:29:48	2943	2650	3750	183	0	0	0	0	0	0	0	2950	2750	2656	2506	4081	2306	3	0	1	203	178	1611	50	134	0	
19:29:49	2950	2656	3750	183	0	0	0	0	0	0	0	2950	2750	2656	2506	4081	2306	3	0	1	203	178	1593	68	134	0	
19:29:50	2943	2650	3743	183	0	0	0	0	0	0	0	2950	2750	2656	2506	4081	2306	3	0	1	203	178	1597	64	134	0	
19:29:51	2943	2656	3743	183	0	0	0	0	0	0	0	2950	2750	2656	2506	4081	2306	3	0	1	203	178	1808	147	135	0	
19:29:52	2943	2650	3743	183	0	0	0	0	0	0	0	2950	2750	2656	2506	4081	2306	3	0	1	203	178	1753	92	136	0	
19:29:53	2943	2656	3743	182	0	0	0	0	0	0	0	2950	2750	2656	2506	4081	2306	3	0	1	203	178	1637	24	138	0	
19:29:54	2943	2656	3743	183	0	0	0	0	0	0	0	2950	2750	2656	2506	4081	2306	3	0	1	203	178	1718	57	138	0	
19:29:55	2943	2656	3737	182	0	0	0	0	0	0	0	2950	2750	2656	2506	4081	2306	3	0	1	203	178	1711	50	139	0	
19:29:56	2950	2650	3737	183	0	0	0	0	0	0	0	2950	2750	2656	2506	4081	2306	3	0	1	203	178	1584	77	139	0	
19:29:57	2943	2656	3737	184	0	0	0	0	0	0	0	2950	2750	2656	2506	4081	2306	3	0	1	203	178	0	1661	139	1	
19:29:58	2943	2656	3737	184	0	0	0	0	0	0	0	2950	2750	2656	2506	4081	2306	3	0	1	203	178	1627	34	140	0	
19:29:59	2943	2656	3737	183	0	0	0	0	0	0	0	2950	2750	2656	2506	4081	2306	3	0	1	203	178	724	937	142	0	
19:30:01	2943	2656	3737	183	0	0	0	0	0	0	0	2950	2750	2656	2506	4081	2306	3	0	1	203	178	1905	244	142	0	
19:30:02	2950	2656	3737	183	0	0	0	0	0	0	0	2950	2750	2656	2506	4081	2306	3	0	1	203	178	1674	13	144	0	
19:30:03	2943	2656	3731	183	0	0	0	0	0	0	0	2950	2750	2656	2506	4081	2306	3	0	1	203	178	1475	186	144	0	
19:30:04	2943	2656	3731	184	0	0	0	0	0	0	0	2950	2750	2656	2506	4081	2306	3	0	1	203	178	1649	12	144	0	
19:30:05	2943	2656	3731	183	0	0	0	0	0	0	0	2950	2750	2656	2506	4081	2306	3	0	1	203	178	1757	96	144	0	
19:30:06	2943	2656	3731	182	0	0	0	0	0	0	0	2950	2750	2656	2506	4081	2306	3	0	1	203	178	1664	3	146	0	
19:30:07	2950	2656	3731	183	0	0	0	0	0	0	0	2950	2750	2656	2506	4081	2306	3	0	1	203	178	1646	15	147	0	
19:30:08	2950	2656	3725	183	0	0	0	0	0	0	0	2950	2750	2656	2506	4081	2306	3	0	1	203	178	1571	90	148	0	
19:30:09	2943	2656	3725	184	0	0	0	0	0	0	0	2950	2750	2656	2506	4081	2306	3	0	1	203	178	1359	302	148	0	
19:30:10	2943	2656	3725	182	0	0	0	0	0	0	0	2950	2750	2656	2506	4081	2306	3	0	1	203	178	0	1661	149	1	
19:30:11	2943	2656	3718	185	0	0	0	0	0	0	0	2950	2750	2656	2506	4081	2306	3	0	1	203	178	1907	246	150	0	
19:30:12	2943	2662	3718	183	0	0	0	0	0	0	0	2950	2750	2662	2506	4081	2306	3	0	1	203	178	1661	0	152	0	
19:30:13	2943	2656	3718	183	0	0	0	0	0	0	0	2950	2750	2662	2506	4081	2306	3	0	1	203	178	1634	27	153	0	
19:30:14	2943	2656	3718	183	0	0	0	0	0	0	0	2950	2750	2662	2506	4081	2306	3	0	1	203	178	1691	30	153	0	
19:30:15	2943	2650	3712	183	0	0	0	0	0	0	0	2950	2750	2662	2506	4081	2306	3	0	1	203	178	0	1661	155	1	
19:30:16	2943	2656	3712	183	0	0	0	0	0	0	0	2950	2750	2662	2506	4081	2306	3	0	1	203	178	1702	41	155	0	
19:30:17	2943	2656	3712	182	0	0	0	0	0	0	0	2950	2750	2662	2506	4081	2306	3	0	1	203	178	1360	301	155	0	
19:30:18	2943	2656	3712	183	0	0	0	0	0	0	0	2950	2750	2662	2506	4081	2306	3	0	1	203	178	0	1661	157	1	
19:30:19	2950	2656	3712	183	0	0	0	0	0	0	0	2950	2750	2662	2506	4081	2306	3	0	1	203	178	1818	157	157	0	
19:30:20	2950	2656	3706	182	0	0	0	0	0	0	0	2950	2750	2662	2506	4081	2306	3	0	1	203	178	806	855	157	0	
19:30:21	2950	2656	3706	184	0	0	0	0	0	0	0	2950	2750	2662	2506	4081	2306	3	0	1	203	178	1527	134	157	0	
19:30:22	2943	2656	3706	184	0	0	0	0	0	0	0	2950	2750	2662	2506	4081	2306	3	0	1	203	178	876	785	157	0	
19:30:23	2950	2656	3700	183	0	0	0	0	0	0	0	2950	2750	2662	2506	4081	2306	3	0	1	203	178	1531	130	158	0	
19:30:25	2943	2662	3700	183	0	0	0	0	0	0	0	2950	2750	2662	2506	4081	2306	3	0	1	203	178	1615	46	159	0	
19:30:26	2950	2656	3700	183	0	0	0	0	0	0	0	2950	2750	2662	2506	4081	2306	3	0	1	203	178	1535	126	159	0	
19:30:27	2943	2656	3700	184	0	0	0	0	0	0	0	2950	2750	2662	2506	4081	2306	3	0	1	203	178	1621	40	161	0	
19:30:28	2950	2656	3700	183	0	0	0	0	0	0	0	2950	2750	2662	2506	4081	2306	3	0	1	203	178	1685	24	162	0	
19:30:29	2950	2656	3700	183	0	0	0	0	0	0	0	2950	2750	2662	2506	4081	2306	3	0	1	203	178	2559	898	163	0	
19:30:30	2943	2656	3693	184	0	0	0	0	0	0	0	2950	2750	2662	2506	4081	2306	3	0	1	203	178	1594	67	163	0	
19:30:31	2950	2656	3693	184	0	0	0	0	0	0	0	2950	2750	2662	2506	4081	2306	3	0	1	203	178	1742	81	163	0	
19:30:32	2950	2656	3693	184	0	0	0	0	0	0	0	2950	2750	2662	2506	4081	2306	3	0	1	203	178	1589	72	163	0	
19:30:33	2943	2656	3693	183	0	0	0	0	0	0	0	2950	2750	2662	2506	4081	2306	3	0	1	203	178	1649	12	163	0	
19:30:34	2950	2656	3687	182	0	0	0	0	0	0	0	2950	2750	2662	2506	4081	2306	3	0	1	203	178	1359	302	164	0	
19:30:35	2950	2656	3687	182	0	0	0	0	0	0	0	2950	2750	2662	2506	4081	2306	3	0	1	203	178	2363	702	164	0	
19:30:36	2950	2656	3687	183	0	0	0	0	0	0	0	2950	2750	2662	2506	4081	2306	3	0	1	203	178	1590	71	164	0	
19:30:37	2950	2656	3687	184	0	0	0	0	0	0	0	2950	2750	2662	2506	4081	2306	3	0	1	203	178	1601	60	165	0	
19:30:38	2950	2656	3687	183	0	0	0	0	0	0	0	2950	2750	2662	2506	4081	2306	3	0	1	203	178	1749	88	166	0	
19:30:39	2950	2662	3687	183	0	0	0	0	0	0	0	2950	2750	2662	2506	4081	2306	3	0	1	203	178	1799	138	166	0	
19:30:40	2950	2656	3681	183	0	0	0	0	0	0	0	2950	2750	2662	2506	4081	2306	3	0	1	203	178	1589	72	167	0	
19:30:41	2943	2656	3681	183	0	0	0	0	0	0	0	2950	2750	2662	2506	4081	2306	3	0	1	203	178	1625	36	169	0	
19:30:42	2950	2656	3681	184	0	0	0	0	0	0	0	2950	2750	2662	2506	4081	2306	3	0	1	203	178	1635	26	170	0	
19:30:44	2950	2656	3681	182	0	0	0	0	0	0	0	2950	2750	2662	2506	4081	2306	3	0	1	203	178	1829	168	170	0	
19:30:45	2950	2656	3681	182	0	0	0	0	0	0	0	2950	2750	2662	2506	4081	2306	3	0	1	203	178	1587	74	170	0	
19:30:46	2950	2656	3675	183	0	0	0	0	0	0	0	2950	2750	2662	2506	4081	2306	3	0	1	203	178	1653	8	171	0	
19:30:47	2950	2656	3675	183	0	0	0	0	0	0	0	2950	2750	2662	2506	4081	2306	3	0	1	203	178	1057	604	172	0	
19:30:48	2943	2656	3675	184	0	0	0	0	0	0	0	2950	2750	2662	2506	4081	2306	3	0	1	203	178	1762	101	173	0	
19:30:49	2950	2656	3675	182	0	0	0	0	0	0	0	2950	2750	2662	2506	4081	2306	3	0	1	203	178	2171	510	173	0	
19:30:50	2950	2656	3668	183	0	0	0	0	0	0	0	2950	2750	2662	2506	4081	2306	3	0	1	203	178	1522	139	174	0	
19:30:51	2950	2656	3668	183	0	0	0	0	0	0	0	2950	2750	2662	2506	4081	2306	3	0	1	203	178	1718	57	174	0	
19:30:52	2950	2656	3668	183	0	0	0	0	0	0	0	2950	2750	2662	2506	4081	2306	3	0	1	203	178	667	994	174	0	
19:30:53	2950	2656	3668	183	0	0	0	0	0	0	0	2950	2750	2662	2506	4081	2306	3	0	1	203	178	1616	45	174	0	
19:30:54	2943	2656	3668	183	0	0	0	0	0	0	0	2950	2750	2662	2506	4081	2306	3	0	1	203	178	1890	229	175	0	
19:30:55	2950	2656	3662	183	0	0	0	0	0	0	0	2950	2750	2662	2506	4081	2306	3	0	1	203	178	1862	201	176	0	
19:30:56	2950	2662	3662	183	0	0	0	0	0	0	0	2950	2750	2662	2506	4081	2306	3	0	1	203	178	1614	47	177	0	
19:30:57	2950	2656	3662	183	0	0	0	0	0	0	0	2950	2750	2662	2506	4081	2306	3	0	1	203	178	1613	48	178	0	
19:30:58	2950	2656	3662	183	0	0	0	0	0	0	0	2950	2750	2662	2506	4081	2306	3	0	1	203	178	1619	42	179	0	
19:30:59	2950	2656	3662	183	0	0	0	0	0	0	0	2950	2750	2662	2506	4081	2306	3	0	1	203	178	239	1422	179	0	
19:31:00	2950	2656	3662	183	0	0	0	0	0	0	0	2950	2750	2662	2506	4081	2306	3	0	1	203	178	1633	28	179	0	
19:31:01	2950	2662	3656	184	0	0	0	0	0	0	0	2950	2750	2662	2506	4081	2306	3	0	1	203	178	1676	15	179	0	
19:31:02	2943	2662	3656	183	0	0	0	0	0	0	0	2950	2750	2662	2506	4081	2306	3	0	1	203	178	0	1661	179	1	
19:31:04	2950	2656	3656	183	0	0	0	0	0	0	0	2950	2750	2662	2506	4081	2306	3	0	1	203	178	1580	81	179	0	
19:31:05	2950	2656	3650	183	0	0	0	0	0	0	0	2950	2750	2662	2506	4081	2306	3	0	1	203	178	1598	63	181	0	
19:31:06	2950	2656	3650	184	0	0	0	0	0	0	0	2950	2750	2662	2506	4081	2306	3	0	1	203	178	1107	554	183	0	
19:31:07	2950	2656	3650	182	0	0	0	0	0	0	0	2950	2750	2662	2506	4081	2306	3	0	1	203	178	1568	93	183	0	
19:31:08	2950	2662	3650	184	0	0	0	0	0	0	0	2950	2750	2662	2506	4081	2306	3	0	1	203	178	1595	66	183	0	
19:31:09	2950	2656	3650	182	0	0	0	0	0	0	0	2950	2750	2662	2506	4081	2306	3	0	1	203	178	1648	13	183	0	
19:31:10	2950	2656	3650	184	0	0	0	0	0	0	0	2950	2750	2662	2506	4081	2306	3	0	1	203	178	1437	224	185	0	
19:31:11	2950	2656	3650	183	0	0	0	0	0	0	0	2950	2750	2662	2506	4081	2306	3	0	1	203	178	0	1661	186	1	
19:31:12	2950	2656	3643	182	0	0	0	0	0	0	0	2950	2750	2662	2506	4081	2306	3	0	1	203	178	0	1661	187	1	
19:31:13	2950	2656	3643	183	0	0	0	0	0	0	0	2950	2750	2662	2506	4081	2306	3	0	1	203	178	0	1661	187	1	
19:31:14	2950	2656	3643	183	0	0	0	0	0	0	0	2950	2750	2662	2506	4081	2306	3	0	1	203	178	1591	70	188	0	
19:31:15	2943	2656	3643	182	0	0	0	0	0	0	0	2950	2750	2662	2506	4081	2306	3	0	1	203	178	1619	42	188	0	
19:31:16	2950	2662	3643	184	0	0	0	0	0	0	0	2950	2750	2662	2506	4081	2306	3	0	1	203	178	0	1661	188	1	
19:31:17	2950	2662	3643	182	0	0	0	0	0	0	0	2950	2750	2662	2506	4081	2306	3	0	1	203	178	1623	38	189	0	
19:31:18	2950	2656	3643	183	0	0	0	0	0	0	0	2950	2750	2662	2506	4081	2306	3	0	1	203	178	1668	7	190	0	
19:31:19	2950	2662	3643	182	0	0	0	0	0	0	0	2950	2750	2662	2506	4081	2306	3	0	1	203	178	0	1661	191	1	
19:31:20	2950	2662	3637	183	0	0	0	0	0	0	0	2950	2750	2662	2506	4081	2306	3	0	1	203	178	1651	10	192	0	
19:31:21	2950	2662	3637	182	0	0	0	0	0	0	0	2950	2750	2662	2506	4081	2306	3	0	1	203	178	1899	238	192	0	
19:31:22	2950	2656	3637	182	0	0	0	0	0	0	0	2950	2750	2662	2506	4081	2306	3	0	1	203	178	1664	3	193	0	
19:31:23	2950	2662	3637	183	0	0	0	0	0	0	0	2950	2750	2662	2506	4081	2306	3	0	1	203	178	1626	35	193	0	
19:31:24	2950	2662	3637	183	0	0	0	0	0	0	0	2950	2750	2662	2506	4081	2306	3	0	1	203	178	1684	23	193	0	
19:31:25	2950	2662	3637	183	0	0	0	0	0	0	0	2950	2750	2662	2506	4081	2306	3	0	1	203	178	1370	291	193	0	
19:31:26	2950	2662	3631	183	0	0	0	0	0	0	0	2950	2750	2662	2506	4081	2306	3	0	1	203	178	0	1661	193	1	
19:31:27	2950	2656	3631	183	0	0	0	0	0	0	0	2950	2750	2662	2506	4081	2306	3	0	1	203	178	1844	183	195	0	
19:31:28	2950	2656	3631	182	0	0	0	0	0	0	0	2950	2750	2662	2506	4081	2306	3	0	1	203	178	1680	19	195	0	
19:31:29	2950	2662	3631	183	0	0	0	0	0	0	0	2950	2750	2662	2506	4081	2306	3	0	1	203	178	1673	12	195	0	
19:31:30	2950	2656	3625	184	0	0	0	0	0	0	0	2950	2750	2662	2506	4081	2306	3	0	1	203	178	1625	36	196	0	
19:31:31	2950	2662	3625	183	0	0	0	0	0	0	0	2950	2750	2662	2506	4081	2306	3	0	1	203	178	0	1661	199	1	
19:31:32	2950	2662	3625	182	0	0	0	0	0	0	0	2950	2750	2662	2506	4081	2306	3	0	1	203	178	1807	146	201	0	
19:31:33	2950	2656	3625	183	0	0	0	0	0	0	0	2950	2750	2662	2506	4081	2306	3	0	1	203	178	1579	82	201	0	
19:31:35	2950	2656	3618	182	0	0	0	0	0	0	0	2950	2750	2662	2506	4081	2306	3	0	1	203	178	0	1661	201	1	
19:31:36	2950	2656	3618	182	0	0	0	0	0	0	0	2950	2750	2662	2506	4081	2306	3	0	1	203	178	1783	122	201	0	
19:31:37	2950	2656	3618	183	0	0	0	0	0	0	0	2950	2750	2662	2506	4081	2306	3	0	1	203	178	1630	31	201	0	
19:31:38	2950	2662	3618	182	0	0	0	0	0	0	0	2950	2750	2662	2506	4081	2306	3	0	1	203	178	1588	73	201	0	
19:31:39	2943	2656	3612	183	0	0	0	0	0	0	0	2950	2750	2662	2506	4081	2306	3	0	1	203	178	1455	206	201	0	
19:31:40	2950	2656	3612	183	0	0	0	0	0	0	0	2950	2750	2662	2506	4081	2306	3	0	1	203	178	0	1661	203	1	
19:31:41	2950	2656	3612	183	0	0	0	0	0	0	0	2950	2750	2662	2506	4081	2306	3	0	1	203	178	1645	16	203	0	
19:31:42	2950	2662	3612	183	0	0	0	0	0	0	0	2950	2750	2662	2506	4081	2306	3	0	1	203	178	1986	325	204	0	
19:31:43	2950	2656	3612	182	0	0	0	0	0	0	0	2950	2750	2662	2506	4081	2306	3	0	1	203	178	1502	159	206	0	
19:31:44	2950	2656	3612	182	0	0	0	0	0	0	0	2950	2750	2662	2506	4081	2306	3	0	1	203	178	1686	25	206	0	
19:31:45	2950	2656	3606	183	0	0	0	0	0	0	0	2950	2750	2662	2506	4081	2306	3	0	1	203	178	1466	195	206	0	
19:31:46	2943	2662	3606	184	0	0	0	0	0	0	0	2950	2750	2662	2506	4081	2306	3	0	1	203	178	1574	87	206	0	
19:31:47	2950	2656	3606	183	0	0	0	0	0	0	0	2950	2750	2662	2506	4081	2306	3	0	1	203	178	363	1298	207	0	
19:31:48	2950	2656	3606	183	0	0	0	0	0	0	0	2950	2750	2662	2506	4081	2306	3	0	1	203	178	1648	13	208	0	
19:31:49	2950	2662	3606	184	0	0	0	0	0	0	0	2950	2750	2662	2506	4081	2306	3	0	1	203	178	1838	177	209	0	
19:31:50	2950	2656	3600	183	0	0	0	0	0	0	0	2950	2750	2662	2506	4081	2306	3	0	1	203	178	2159	498	209	0	
19:31:51	2950	2662	3600	183	0	0	0	0	0	0	0	2950	2750	2662	2506	4081	2306	3	0	1	203	178	1662	1	209	0	
19:31:52	2950	2656	3600	182	0	0	0	0	0	0	0	2950	2750	2662	2506	4081	2306	3	0	1	203	178	1638	23	209	0	
19:31:53	2950	2662	3600	183	0	0	0	0	0	0	0	2950	2750	2662	2506	4081	2306	3	0	1	203	178	1451	210	209	0	
19:31:55	2950	2662	3593	182	0	0	0	0	0	0	0	2950	2750	2662	2506	4081	2306	3	0	1	203	178	1646	15	209	0	
19:31:56	2950	2662	3593	183	0	0	0	0	0	0	0	2950	2750	2662	2506	4081	2306	3	0	1	203	178	1657	4	209	0	
19:31:57	2950	2662	3593	183	0	0	0	0	0	0	0	2950	2750	2662	2506	4081	2306	3	0	1	203	178	1661	0	209	0	
19:31:58	2950	2662	3593	182	0	0	0	0	0	0	0	2950	2750	2662	2506	4081	2306	3	0	1	203	178	743	918	209	0	
19:31:59	2950	2662	3593	184	0	0	0	0	0	0	0	2950	2750	2662	2506	4081	2306	3	0	1	203	178	1599	62	210	0	
19:32:00	2950	2662	3593	184	0	0	0	0	0	0	0	2950	2750	2662	2506	4081	2306	3	0	1	203	178	0	1661	211	1	
19:32:01	2950	2662	3593	182	0	0	0	0	0	0	0	2950	2750	2662	2506	4081	2306	3	0	1	203	178	1838	177	211	0	
19:32:02	2950	2656	3593	183	0	0	0	0	0	0	0	2950	2750	2662	2506	4081	2306	3	0	1	203	178	1617	44	211	0	
19:32:03	2950	2656	3587	183	0	0	0	0	0	0	0	2950	2750	2662	2506	4081	2306	3	0	1	203	178	1535	126	212	0	
19:32:04	2950	2656	3587	183	0	0	0	0	0	0	0	2950	2750	2662	2506	4081	2306	3	0	1	203	178	1648	13	212	0	
19:32:05	2950	2662	3587	182	0	0	0	0	0	0	0	2950	2750	2662	2506	4081	2306	3	0	1	203	178	1681	20	213	0	
19:32:06	2950	2662	3587	182	0	0	0	0	0	0	0	2950	2750	2662	2506	4081	2306	3	0	1	203	178	1771	110	213	0	
19:32:07	2950	2662	3587	182	0	0	0	0	0	0	0	2950	2750	2662	2506	4081	2306	3	0	1	203	178	1954	293	214	0	
19:32:08	2950	2662	3587	182	0	0	0	0	0	0	0	2950	2750	2662	2506	4081	2306	3	0	1	203	178	1632	29	214	0	
19:32:09	2950	2662	3587	183	0	0	0	0	0	0	0	2950	2750	2662	2506	4081	2306	3	0	1	203	178	1824	163	215	0	
19:32:10	2950	2656	3581	183	0	0	0	0	0	0	0	2950	2750	2662	2506	4081	2306	3	0	1	203	178	1491	170	215	0	
19:32:11	2950	2662	3581	183	0	0	0	0	0	0	0	2950	2750	2662	2506	4081	2306	3	0	1	203	178	1609	52	215	0	
19:32:12	2950	2662	3581	182	0	0	0	0	0	0	0	2950	2750	2662	2506	4081	2306	3	0	1	203	178	1521	140	216	0	
19:32:13	2950	2656	3581	182	0	0	0	0	0	0	0	2950	2750	2662	2506	4081	2306	3	0	1	203	178	913	748	217	0	
19:32:14	2950	2656	3581	184	0	0	0	0	0	0	0	2950	2750	2662	2506	4081	2306	3	0	1	203	178	1605	56	218	0	
19:32:15	2950	2662	3581	183	0	0	0	0	0	0	0	2950	2750	2662	2506	4081	2306	3	0	1	203	178	1776	115	219	0	
19:32:16	2950	2662	3575	183	0	0	0	0	0	0	0	2950	2750	2662	2506	4081	2306	3	0	1	203	178	1597	64	219	0	
19:32:17	2950	2662	3575	182	0	0	0	0	0	0	0	2950	2750	2662	2506	4081	2306	3	0	1	203	178	1697	36	219	0	
19:32:18	2950	2662	3575	184	0	0	0	0	0	0	0	2950	2750	2662	2506	4081	2306	3	0	1	203	178	1819	158	219	0	
19:32:19	2950	2662	3568	183	0	0	0	0	0	0	0	2950	2750	2662	2506	4081	2306	3	0	1	203	178	1659	2	220	0	
19:32:21	2950	2662	3575	183	0	0	0	0	0	0	0	2950	2750	2662	2506	4081	2306	3	0	1	203	178	1535	126	220	0	
19:32:22	2950	2662	3568	182	0	0	0	0	0	0	0	2950	2750	2662	2506	4081	2306	3	0	1	203	178	1091	570	220	0	
19:32:23	2950	2662	3568	183	0	0	0	0	0	0	0	2950	2750	2662	2506	4081	2306	3	0	1	203	178	1581	80	221	0	
19:32:24	2950	2662	3568	184	0	0	0	0	0	0	0	2950	2750	2662	2506	4081	2306	3	0	1	203	178	2192	531	222	0	
19:32:25	2950	2662	3568	183	0	0	0	0	0	0	0	2950	2750	2662	2506	4081	2306	3	0	1	203	178	1392	269	222	0	
19:32:26	2950	2656	3568	182	0	0	0	0	0	0	0	2950	2750	2662	2506	4081	2306	3	0	1	203	178	1488	173	223	0	
19:32:27	2950	2662	3568	181	0	0	0	0	0	0	0	2950	2750	2662	2506	4081	2306	3	0	1	203	178	1632	29	224	0	
19:32:28	2950	2662	3562	184	0	0	0	0	0	0	0	2950	2750	2662	2506	4081	2306	3	0	1	203	178	1631	30	224	0	
19:32:29	2950	2662	3562	183	0	0	0	0	0	0	0	2950	2750	2662	2506	4081	2306	3	0	1	203	178	709	952	224	0	
19:32:30	2950	2662	3562	183	0	0	0	0	0	0	0	2950	2750	2662	2506	4081	2306	3	0	1	203	178	1855	194	225	0	
19:32:31	2950	2662	3562	183	0	0	0	0	0	0	0	2950	2750	2662	2506	4081	2306	3	0	1	203	178	1693	32	226	0	
19:32:32	2950	2656	3562	183	0	0	0	0	0	0	0	2950	2750	2662	2506	4081	2306	3	0	1	203	178	1652	9	226	0	
19:32:33	2950	2662	3556	185	0	0	0	0	0	0	0	2950	2750	2662	2506	4081	2306	3	0	1	203	178	1856	195	226	0	
19:32:34	2950	2662	3556	184	0	0	0	0	0	0	0	2950	2750	2662	2506	4081	2306	3	0	1	203	178	1789	128	227	0	
19:32:35	2950	2656	3556	184	0	0	0	0	0	0	0	2950	2750	2662	2506	4081	2306	3	0	1	203	178	887	774	228	0	
19:32:36	2950	2662	3550	184	0	0	0	0	0	0	0	2950	2750	2662	2506	4081	2306	3	0	1	203	178	1936	275	228	0	
19:32:37	2950	2662	3550	183	0	0	0	0	0	0	0	2950	2750	2662	2506	4081	2306	3	0	1	203	178	1616	45	228	0	
19:32:38	2950	2662	3550	183	0	0	0	0	0	0	0	2950	2750	2662	2506	4081	2306	3	0	1	203	178	1769	108	228	0	
19:32:39	2950	2662	3550	183	0	0	0	0	0	0	0	2950	2750	2662	2506	4081	2306	3	0	1	203	178	1761	100	228	0	
19:32:40	2956	2662	3550	184	0	0	0	0	0	0	0	2956	2750	2662	2506	4081	2306	3	0	1	203	178	1684	23	229	0	
19:32:41	2956	2662	3550	183	0	0	0	0	0	0	0	2956	2750	2662	2506	4081	2306	3	0	1	203	178	1617	44	230	0	
19:32:42	2956	2662	3550	183	0	0	0	0	0	0	0	2956	2750	2662	2506	4081	2306	3	0	1	203	178	1613	48	231	0	
19:32:43	2950	2662	3550	184	0	0	0	0	0	0	0	2956	2750	2662	2506	4081	2306	3	0	1	203	178	1815	154	231	0	
19:32:44	2950	2662	3543	183	0	0	0	0	0	0	0	2956	2750	2662	2506	4081	2306	3	0	1	203	178	1649	12	231	0	
19:32:45	2950	2662	3543	183	0	0	0	0	0	0	0	2956	2750	2662	2506	4081	2306	3	0	1	203	178	1618	43	231	0	
19:32:46	2950	2662	3543	184	0	0	0	0	0	0	0	2956	2750	2662	2506	4081	2306	3	0	1	203	178	1633	28	233	0	
19:32:47	2950	2662	3543	182	0	0	0	0	0	0	0	2956	2750	2662	2506	4081	2306	3	0	1	203	178	1677	16	234	0	
19:32:48	2950	2662	3537	184	0	0	0	0	0	0	0	2956	2750	2662	2506	4081	2306	3	0	1	203	178	1717	56	234	0	
19:32:49	2956	2662	3537	183	0	0	0	0	0	0	0	2956	2750	2662	2506	4081	2306	3	0	1	203	178	1151	510	234	0	
19:32:51	2950	2656	3537	184	0	0	0	0	0	0	0	2956	2750	2662	2506	4081	2306	3	0	1	203	178	1609	52	234	0	
19:32:52	2950	2662	3537	183	0	0	0	0	0	0	0	2956	2750	2662	2506	4081	2306	3	0	1	203	178	756	905	234	0	
19:32:53	2950	2662	3531	182	0	0	0	0	0	0	0	2956	2750	2662	2506	4081	2306	3	0	1	203	178	1823	162	235	0	
19:32:54	2950	2662	3531	182	0	0	0	0	0	0	0	2956	2750	2662	2506	4081	2306	3	0	1	203	178	1817	156	235	0	
19:32:55	2950	2662	3531	182	0	0	0	0	0	0	0	2956	2750	2662	2506	4081	2306	3	0	1	203	178	1605	56	235	0	
19:32:56	2950	2662	3531	183	0	0	0	0	0	0	0	2956	2750	2662	2506	4081	2306	3	0	1	203	178	1663	2	236	0	
19:32:57	2950	2662	3531	183	0	0	0	0	0	0	0	2956	2750	2662	2506	4081	2306	3	0	1	203	178	1533	128	236	0	
19:32:58	2950	2662	3531	184	0	0	0	0	0	0	0	2956	2750	2662	2506	4081	2306	3	0	1	203	178	1967	306	237	0	
19:32:59	2950	2662	3531	184	0	0	0	0	0	0	0	2956	2750	2662	2506	4081	2306	3	0	1	203	178	1591	70	237	0	
19:33:00	2956	2662	3525	183	0	0	0	0	0	0	0	2956	2750	2662	2506	4081	2306	3	0	1	203	178	108	1553	237	0	
19:33:01	2956	2662	3525	183	0	0	0	0	0	0	0	2956	2750	2662	2506	4081	2306	3	0	1	203	178	1745	84	237	0	
19:33:02	2950	2662	3525	183	0	0	0	0	0	0	0	2956	2750	2662	2506	4081	2306	3	0	1	203	178	1749	88	238	0	
19:33:03	2950	2656	3525	185	0	0	0	0	0	0	0	2956	2750	2662	2506	4081	2306	3	0	1	203	178	1452	209	238	0	
19:33:04	2950	2662	3525	184	0	0	0	0	0	0	0	2956	2750	2662	2506	4081	2306	3	0	1	203	178	1584	77	239	0	
19:33:05	2950	2662	3525	183	0	0	0	0	0	0	0	2956	2750	2662	2506	4081	2306	3	0	1	203	178	1621	40	241	0	
19:33:06	2956	2662	3525	182	0	0	0	0	0	0	0	2956	2750	2662	2506	4081	2306	3	0	1	203	178	1710	49	242	0	
19:33:07	2950	2662	3518	183	0	0	0	0	0	0	0	2956	2750	2662	2506	4081	2306	3	0	1	203	178	1671	10	243	0	
19:33:08	2950	2662	3518	184	0	0	0	0	0	0	0	2956	2750	2662	2506	4081	2306	3	0	1	203	178	0	1661	243	1	
19:33:09	2950	2662	3518	183	0	0	0	0	0	0	0	2956	2750	2662	2506	4081	2306	3	0	1	203	178	1647	14	244	0	
19:33:10	2950	2662	3518	184	0	0	0	0	0	0	0	2956	2750	2662	2506	4081	2306	3	0	1	203	178	1582	79	245	0	
19:33:11	2950	2662	3512	183	0	0	0	0	0	0	0	2956	2750	2662	2506	4081	2306	3	0	1	203	178	1495	166	245	0	
19:33:12	2950	2662	3512	182	0	0	0	0	0	0	0	2956	2750	2662	2506	4081	2306	3	0	1	203	178	1829	168	245	0	
19:33:13	2950	2662	3512	183	0	0	0	0	0	0	0	2956	2750	2662	2506	4081	2306	3	0	1	203	178	1856	195	245	0	
19:33:14	2950	2662	3512	182	0	0	0	0	0	0	0	2956	2750	2662	2506	4081	2306	3	0	1	203	178	1755	94	246	0	
19:33:15	2956	2662	3512	183	0	0	0	0	0	0	0	2956	2750	2662	2506	4081	2306	3	0	1	203	178	1874	213	246	0	
19:33:16	2950	2662	3506	183	0	0	0	0	0	0	0	2956	2750	2662	2506	4081	2306	3	0	1	203	178	1689	28	247	0	
19:33:17	2950	2662	3506	183	0	0	0	0	0	0	0	2956	2750	2662	2506	4081	2306	3	0	1	203	178	1042	619	247	0	
19:33:18	2956	2662	3506	183	0	0	0	0	0	0	0	2956	2750	2662	2506	4081	2306	3	0	1	203	178	1747	86	248	0	
19:33:20	2950	2662	3506	183	0	0	0	0	0	0	0	2956	2750	2662	2506	4081	2306	3	0	1	203	178	1957	296	249	0	
19:33:21	2950	2662	3506	182	0	0	0	0	0	0	0	2956	2750	2662	2506	4081	2306	3	0	1	203	178	0	1661	249	1	
19:33:22	2950	2662	3500	184	0	0	0	0	0	0	0	2956	2750	2662	2506	4081	2306	3	0	1	203	178	1738	77	250	0	
19:33:23	2950	2662	3500	183	0	0	0	0	0	0	0	2956	2750	2662	2506	4081	2306	3	0	1	203	178	1567	94	252	0	
19:33:24	2950	2662	3500	183	0	0	0	0	0	0	0	2956	2750	2662	2506	4081	2306	3	0	1	203	178	1826	165	253	0	
19:33:25	2950	2662	3500	184	0	0	0	0	0	0	0	2956	2750	2662	2506	4081	2306	3	0	1	203	178	1616	45	255	0	
19:33:26	2956	2662	3500	183	0	0	0	0	0	0	0	2956	2750	2662	2506	4081	2306	3	0	1	203	178	1651	10	255	0	
19:33:27	2950	2662	3493	181	0	0	0	0	0	0	0	2956	2750	2662	2506	4081	2306	3	0	1	203	178	737	924	255	0	
19:33:28	2950	2662	3500	182	0	0	0	0	0	0	0	2956	2750	2662	2506	4081	2306	3	0	1	203	178	1723	62	255	0	
19:33:29	2950	2662	3493	183	0	0	0	0	0	0	0	2956	2750	2662	2506	4081	2306	3	0	1	203	178	912	749	255	0	
19:33:30	2950	2662	3493	182	0	0	0	0	0	0	0	2956	2750	2662	2506	4081	2306	3	0	1	203	178	1670	9	1	0	
19:33:31	2956	2662	3493	184	0	0	0	0	0	0	0	2956	2750	2662	2506	4081	2306	3	0	1	203	178	1666	5	2	0	
19:33:32	2950	2662	3493	184	0	0	0	0	0	0	0	2956	2750	2662	2506	4081	2306	3	0	1	203	178	1797	136	2	0	
19:33:33	2956	2662	3493	182	0	0	0	0	0	0	0	2956	2750	2662	2506	4081	2306	3	0	1	203	178	1808	147	4	0	
19:33:34	2950	2662	3487	183	0	0	0	0	0	0	0	2956	2750	2662	2506	4081	2306	3	0	1	203	178	1648	13	6	0	
19:33:35	2956	2662	3487	188	0	0	0	0	0	0	0	2956	2750	2662	2506	4081	2306	3	0	1	203	178	986	675	8	0	
19:33:36	2950	2662	3487	182	0	0	0	0	0	0	0	2956	2750	2662	2506	4081	2306	3	0	1	203	178	1639	22	8	0	
19:33:37	2950	2662	3487	183	0	0	0	0	0	0	0	2956	2750	2662	2506	4081	2306	3	0	1	203	178	1605	56	8	0	
19:33:38	2950	2662	3487	183	0	0	0	0	0	0	0	2956	2750	2662	2506	4081	2306	3	0	1	203	178	1441	220	8	0	
19:33:39	2950	2662	3487	183	0	0	0	0	0	0	0	2956	2750	2662	2506	4081	2306	3	0	1	203	178	1647	14	9	0	
19:33:40	2950	2662	3487	184	0	0	0	0	0	0	0	2956	2750	2662	2506	4081	2306	3	0	1	203	178	1571	90	11	0	
19:33:41	2956	2662	3481	182	0	0	0	0	0	0	0	2956	2750	2662	2506	4081	2306	3	0	1	203	178	1926	265	12	0	
19:33:42	2950	2662	3481	184	0	0	0	0	0	0	0	2956	2750	2662	2506	4081	2306	3	0	1	203	178	1802	141	12	0	
19:33:43	2956	2662	3481	183	0	0	0	0	0	0	0	2956	2750	2662	2506	4081	2306	3	0	1	203	178	1743	82	12	0	
19:33:44	2950	2662	3475	182	0	0	0	0	0	0	0	2956	2750	2662	2506	4081	2306	3	0	1	203	178	1678	17	14	0	
19:33:45	2950	2662	3475	184	0	0	0	0	0	0	0	2956	2750	2662	2506	4081	2306	3	0	1	203	178	1674	13	15	0	
19:33:46	2956	2662	3475	184	0	0	0	0	0	0	0	2956	2750	2662	2506	4081	2306	3	0	1	203	178	1364	297	17	0	
19:33:47	2950	2656	3475	185	0	0	0	0	0	0	0	2956	2750	2662	2506	4081	2306	3	0	1	203	178	1804	143	17	0	
19:33:48	2950	2662	3468	183	0	0	0	0	0	0	0	2956	2750	2662	2506	4081	2306	3	0	1	203	178	1664	3	17	0	
19:33:50	2950	2662	3468	183	0	0	0	0	0	0	0	2956	2750	2662	2506	4081	2306	3	0	1	203	178	1653	8	17	0	
19:33:51	2950	2662	3468	184	0	0	0	0	0	0	0	2956	2750	2662	2506	4081	2306	3	0	1	203	178	1777	116	18	0	
19:33:52	2950	2662	3468	183	0	0	0	0	0	0	0	2956	2750	2662	2506	4081	2306	3	0	1	203	178	1671	10	19	0	
19:33:53	2950	2662	3462	183	0	0	0	0	0	0	0	2956	2750	2662	2506	4081	2306	3	0	1	203	178	1005	656	19	0	
19:33:54	2950	2656	3462	183	0	0	0	0	0	0	0	2956	2750	2662	2506	4081	2306	3	0	1	203	178	1618	43	19	0	
19:33:55	2950	2662	3462	184	0	0	0	0	0	0	0	2956	2750	2662	2506	4081	2306	3	0	1	203	178	1649	12	20	0	
19:33:56	2950	2662	3462	183	0	0	0	0	0	0	0	2956	2750	2662	2506	4081	2306	3	0	1	203	178	1643	18	21	0	
19:33:57	2950	2662	3462	183	0	0	0	0	0	0	0	2956	2750	2662	2506	4081	2306	3	0	1	203	178	1616	45	22	0	
19:33:58	2950	2662	3462	183	0	0	0	0	0	0	0	2956	2750	2662	2506	4081	2306	3	0	1	203	178	1863	202	23	0	
19:33:59	2956	2662	3462	182	0	0	0	0	0	0	0	2956	2750	2662	2506	4081	2306	3	0	1	203	178	1535	126	23	0	
19:34:00	2956	2656	3456	183	0	0	0	0	0	0	0	2956	2750	2662	2506	4081	2306	3	0	1	203	178	1664	3	25	0	
19:34:01	2956	2662	3456	183	0	0	0	0	0	0	0	2956	2750	2662	2506	4081	2306	3	0	1	203	178	1706	45	27	0	
19:34:02	2950	2662	3456	182	0	0	0	0	0	0	0	2956	2750	2662	2506	4081	2306	3	0	1	203	178	1872	211	27	0	
19:34:03	2956	2662	3456	184	0	0	0	0	0	0	0	2956	2750	2662	2506	4081	2306	3	0	1	203	178	1671	10	27	0	
19:34:04	2956	2662	3450	184	0	0	0	0	0	0	0	2956	2750	2662	2506	4081	2306	3	0	1	203	178	941	720	27	0	
19:34:05	2950	2662	3450	182	0	0	0	0	0	0	0	2956	2750	2662	2506	4081	2306	3	0	1	203	178	1657	4	27	0	
19:34:06	2956	2662	3450	184	0	0	0	0	0	0	0	2956	2750	2662	2506	4081	2306	3	0	1	203	178	1716	55	27	0	
19:34:07	2956	2662	3450	182	0	0	0	0	0	0	0	2956	2750	2662	2506	4081	2306	3	0	1	203	178	1682	21	27	0	
19:34:08	2956	2662	3450	183	0	0	0	0	0	0	0	2956	2750	2662	2506	4081	2306	3	0	1	203	178	1770	109	29	0	
19:34:09	2950	2662	3450	184	0	0	0	0	0	0	0	2956	2750	2662	2506	4081	2306	3	0	1	203	178	1649	12	29	0	
19:34:10	2956	2662	3450	183	0	0	0	0	0	0	0	2956	2750	2662	2506	4081	2306	3	0	1	203	178	0	1661	29	1	
19:34:11	2956	2662	3450	183	0	0	0	0	0	0	0	2956	2750	2662	2506	4081	2306	3	0	1	203	178	1622	39	29	0	
19:34:12	2950	2662	3443	183	0	0	0	0	0	0	0	2956	2750	2662	2506	4081	2306	3	0	1	203	178	249	1412	29	0	
19:34:13	2950	2662	3443	183	0	0	0	0	0	0	0	2956	2750	2662	2506	4081	2306	3	0	1	203	178	1842	181	29	0	
19:34:14	2956	2662	3437	183	0	0	0	0	0	0	0	2956	2750	2662	2506	4081	2306	3	0	1	203	178	1792	131	30	0	
19:34:15	2950	2662	3437	183	0	0	0	0	0	0	0	2956	2750	2662	2506	4081	2306	3	0	1	203	178	1520	141	30	0	
19:34:17	2950	2662	3437	183	0	0	0	0	0	0	0	2956	2750	2662	2506	4081	2306	3	0	1	203	178	1658	3	31	0	
19:34:18	2950	2662	3437	183	0	0	0	0	0	0	0	2956	2750	2662	2506	4081	2306	3	0	1	203	178	0	1661	31	1	
19:34:19	2950	2662	3437	183	0	0	0	0	0	0	0	2956	2750	2662	2506	4081	2306	3	0	1	203	178	2169	508	31	0	
19:34:20	2950	2662	3437	182	0	0	0	0	0	0	0	2956	2750	2662	2506	4081	2306	3	0	1	203	178	1776	115	31	0	
19:34:21	2950	2656	3437	183	0	0	0	0	0	0	0	2956	2750	2662	2506	4081	2306	3	0	1	203	178	1038	623	31	0	
19:34:22	2956	2662	3437	183	0	0	0	0	0	0	0	2956	2750	2662	2506	4081	2306	3	0	1	203	178	1763	102	32	0	
19:34:23	2956	2662	3437	183	0	0	0	0	0	0	0	2956	2750	2662	2506	4081	2306	3	0	1	203	178	2234	573	32	0	
19:34:24	2950	2662	3431	183	0	0	0	0	0	0	0	2956	2750	2662	2506	4081	2306	3	0	1	203	178	1811	150	33	0	
19:34:25	2950	2656	3431	182	0	0	0	0	0	0	0	2956	2750	2662	2506	4081	2306	3	0	1	203	178	1600	61	34	0	
19:34:26	2956	2662	3431	184	0	0	0	0	0	0	0	2956	2750	2662	2506	4081	2306	3	0	1	203	178	455	1206	34	0	
19:34:27	2956	2662	3431	183	0	0	0	0	0	0	0	2956	2750	2662	2506	4081	2306	3	0	1	203	178	896	765	34	0	
19:34:28	2950	2662	3425	182	0	0	0	0	0	0	0	2956	2750	2662	2506	4081	2306	3	0	1	203	178	1631	30	35	0	
19:34:29	2956	2662	3425	184	0	0	0	0	0	0	0	2956	2750	2662	2506	4081	2306	3	0	1	203	178	1819	158	37	0	
19:34:30	2956	2662	3425	183	0	0	0	0	0	0	0	2956	2750	2662	2506	4081	2306	3	0	1	203	178	1562	99	37	0	
19:34:31	2950	2662	3425	183	0	0	0	0	0	0	0	2956	2750	2662	2506	4081	2306	3	0	1	203	178	658	1003	37	0	
19:34:32	2956	2662	3425	183	0	0	0	0	0	0	0	2956	2750	2662	2506	4081	2306	3	0	1	203	178	1658	3	39	0	
19:34:33	2950	2662	3425	183	0	0	0	0	0	0	0	2956	2750	2662	2506	4081	2306	3	0	1	203	178	1628	33	39	0	
19:34:34	2950	2662	3425	183	0	0	0	0	0	0	0	2956	2750	2662	2506	4081	2306	3	0	1	203	178	0	1661	40	1	
19:34:35	2950	2662	3425	183	0	0	0	0	0	0	0	2956	2750	2662	2506	4081	2306	3	0	1	203	178	1520	141	40	0	
19:34:36	2950	2662	3425	184	0	0	0	0	0	0	0	2956	2750	2662	2506	4081	2306	3	0	1	203	178	1626	35	41	0	
19:34:37	2956	2662	3425	183	0	0	0	0	0	0	0	2956	2750	2662	2506	4081	2306	3	0	1	203	178	1808	147	41	0	
19:34:38	2950	2662	3425	183	0	0	0	0	0	0	0	2956	2750	2662	2506	4081	2306	3	0	1	203	178	1841	180	43	0	
19:34:39	2956	2662	3418	182	0	0	0	0	0	0	0	2956	2750	2662	2506	4081	2306	3	0	1	203	178	1639	22	43	0	
19:34:40	2950	2662	3418	182	0	0	0	0	0	0	0	2956	2750	2662	2506	4081	2306	3	0	1	203	178	1658	3	43	0	
19:34:41	2956	2662	3418	184	0	0	0	0	0	0	0	2956	2750	2662	2506	4081	2306	3	0	1	203	178	1671	10	44	0	
19:34:42	2950	2662	3418	183	0	0	0	0	0	0	0	2956	2750	2662	2506	4081	2306	3	0	1	203	178	1742	81	44	0	
19:34:44	2956	2662	3418	184	0	0	0	0	0	0	0	2956	2750	2662	2506	4081	2306	3	0	1	203	178	1183	478	44	0	
19:34:45	2956	2662	3418	183	0	0	0	0	0	0	0	2956	2750	2662	2506	4081	2306	3	0	1	203	178	1803	142	45	0	
19:34:46	2956	2662	3418	183	0	0	0	0	0	0	0	2956	2750	2662	2506	4081	2306	3	0	1	203	178	1696	35	46	0	
19:34:47	2956	2662	3418	183	0	0	0	0	0	0	0	2956	2750	2662	2506	4081	2306	3	0	1	203	178	1616	45	46	0	
19:34:48	2956	2662	3412	183	0	0	0	0	0	0	0	2956	2750	2662	2506	4081	2306	3	0	1	203	178	0	1661	46	1	
19:34:49	2950	2662	3412	184	0	0	0	0	0	0	0	2956	2750	2662	2506	4081	2306	3	0	1	203	178	1691	30	46	0	
19:34:50	2956	2662	3412	183	0	0	0	0	0	0	0	2956	2750	2662	2506	4081	2306	3	0	1	203	178	1613	48	46	0	
19:34:51	2956	2662	3412	183	0	0	0	0	0	0	0	2956	2750	2662	2506	4081	2306	3	0	1	203	178	1387	274	47	0	
19:34:52	2956	2662	3412	184	0	0	0	0	0	0	0	2956	2750	2662	2506	4081	2306	3	0	1	203	178	1778	117	49	0	
19:34:53	2956	2662	3412	183	0	0	0	0	0	0	0	2956	2750	2662	2506	4081	2306	3	0	1	203	178	1627	34	50	0	
19:34:54	2950	2656	3412	184	0	0	0	0	0	0	0	2956	2750	2662	2506	4081	2306	3	0	1	203	178	1718	57	51	0	
19:34:55	2956	2662	3412	185	0	0	0	0	0	0	0	2956	2750	2662	2506	4081	2306	3	0	1	203	178	2629	968	51	0	
19:34:56	2956	2656	3412	183	0	0	0	0	0	0	0	2956	2750	2662	2506	4081	2306	3	0	1	203	178	212	1449	52	0	
19:34:57	2956	2662	3406	182	0	0	0	0	0	0	0	2956	2750	2662	2506	4081	2306	3	0	1	203	178	1555	106	53	0	
19:34:58	2956	2662	3406	182	0	0	0	0	0	0	0	2956	2750	2662	2506	4081	2306	3	0	1	203	178	523	1138	56	0	
19:34:59	2950	2662	3406	184	0	0	0	0	0	0	0	2956	2750	2662	2506	4081	2306	3	0	1	203	178	1726	65	57	0	
19:35:00	2950	2662	3406	184	0	0	0	0	0	0	0	2956	2750	2662	2506	4081	2306	3	0	1	203	178	1634	27	60	0	
19:35:02	2950	2662	3406	183	0	0	0	0	0	0	0	2956	2750	2662	2506	4081	2306	3	0	1	203	178	1831	170	60	0	
19:35:03	2956	2662	3406	185	0	0	0	0	0	0	0	2956	2750	2662	2506	4081	2306	3	0	1	203	178	912	749	62	0	
19:35:04	2956	2662	3406	183	0	0	0	0	0	0	0	2956	2750	2662	2506	4081	2306	3	0	1	203	178	2030	369	63	0	
19:35:05	2956	2662	3406	183	0	0	0	0	0	0	0	2956	2750	2662	2506	4081	2306	3	0	1	203	178	1655	6	63	0	
19:35:06	2950	2662	3406	183	0	0	0	0	0	0	0	2956	2750	2662	2506	4081	2306	3	0	1	203	178	1535	126	63	0	
19:35:07	2956	2662	3400	184	0	0	0	0	0	0	0	2956	2750	2662	2506	4081	2306	3	0	1	203	178	1514	147	65	0	
19:35:08	2956	2656	3400	183	0	0	0	0	0	0	0	2956	2750	2662	2506	4081	2306	3	0	1	203	178	1670	9	65	0	
19:35:09	2956	2662	3400	182	0	0	0	0	0	0	0	2956	2750	2662	2506	4081	2306	3	0	1	203	178	555	1106	67	0	
19:35:10	2956	2662	3400	183	0	0	0	0	0	0	0	2956	2750	2662	2506	4081	2306	3	0	1	203	178	1119	542	68	0	
19:35:11	2950	2662	3400	183	0	0	0	0	0	0	0	2956	2750	2662	2506	4081	2306	3	0	1	203	178	149	1512	69	0	
19:35:12	2950	2662	3400	182	0	0	0	0	0	0	0	2956	2750	2662	2506	4081	2306	3	0	1	203	178	1637	24	69	0	
19:35:13	2956	2662	3400	183	0	0	0	0	0	0	0	2956	2750	2662	2506	4081	2306	3	0	1	203	178	1639	22	70	0	
19:35:14	2950	2662	3400	183	0	0	0	0	0	0	0	2956	2750	2662	2506	4081	2306	3	0	1	203	178	1635	26	71	0	
19:35:15	2956	2662	3400	183	0	0	0	0	0	0	0	2956	2750	2662	2506	4081	2306	3	0	1	203	178	1644	17	72	0	
19:35:16	2956	2662	3400	182	0	0	0	0	0	0	0	2956	2750	2662	2506	4081	2306	3	0	1	203	178	1675	14	72	0	
19:35:17	2956	2662	3393	183	0	0	0	0	0	0	0	2956	2750	2662	2506	4081	2306	3	0	1	203	178	0	1661	72	1	
19:35:18	2956	2662	3393	183	0	0	0	0	0	0	0	2956	2750	2662	2506	4081	2306	3	0	1	203	178	0	1661	73	1	
19:35:19	2956	2662	3393	183	0	0	0	0	0	0	0	2956	2750	2662	2506	4081	2306	3	0	1	203	178	637	1024	73	0	
19:35:20	2950	2662	3393	184	0	0	0	0	0	0	0	2956	2750	2662	2506	4081	2306	3	0	1	203	178	1655	6	73	0	
19:35:21	2956	2662	3393	183	0	0	0	0	0	0	0	2956	2750	2662	2506	4081	2306	3	0	1	203	178	1571	90	74	0	
19:35:22	2950	2662	3393	182	0	0	0	0	0	0	0	2956	2750	2662	2506	4081	2306	3	0	1	203	178	1701	40	75	0	
19:35:23	2956	2662	3393	184	0	0	0	0	0	0	0	2956	2750	2662	2506	4081	2306	3	0	1	203	178	1815	154	77	0	
19:35:24	2950	2656	3393	182	0	0	0	0	0	0	0	2956	2750	2662	2506	4081	2306	3	0	1	203	178	0	1661	77	1	
19:35:25	2956	2662	3393	184	0	0	0	0	0	0	0	2956	2750	2662	2506	4081	2306	3	0	1	203	178	1612	49	77	0	
19:35:26	2956	2662	3387	182	0	0	0	0	0	0	0	2956	2750	2662	2506	4081	2306	3	0	1	203	178	1610	51	78	0	
19:35:28	2956	2662	3387	185	0	0	0	0	0	0	0	2956	2750	2662	2506	4081	2306	3	0	1	203	178	0	1661	78	1	
19:35:29	2956	2662	3387	183	0	0	0	0	0	0	0	2956	2750	2662	2506	4081	2306	3	0	1	203	178	1653	8	82	0	
19:35:30	2956	2662	3387	183	0	0	0	0	0	0	0	2956	2750	2662	2506	4081	2306	3	0	1	203	178	1645	16	83	0	
19:35:31	2956	2662	3387	183	0	0	0	0	0	0	0	2956	2750	2662	2506	4081	2306	3	0	1	203	178	1345	316	84	0	
19:35:32	2956	2662	3387	183	0	0	0	0	0	0	0	2956	2750	2662	2506	4081	2306	3	0	1	203	178	1601	60	87	0	
19:35:33	2956	2662	3381	183	0	0	0	0	0	0	0	2956	2750	2662	2506	4081	2306	3	0	1	203	178	1625	36	88	0	
19:35:34	2956	2662	3381	182	0	0	0	0	0	0	0	2956	2750	2662	2506	4081	2306	3	0	1	203	178	1712	51	91	0	
19:35:35	2956	2662	3381	184	0	0	0	0	0	0	0	2956	2750	2662	2506	4081	2306	3	0	1	203	178	1794	133	92	0	
19:35:36	2956	2662	3381	183	0	0	0	0	0	0	0	2956	2750	2662	2506	4081	2306	3	0	1	203	178	1616	45	92	0	
19:35:37	2956	2662	3381	183	0	0	0	0	0	0	0	2956	2750	2662	2506	4081	2306	3	0	1	203	178	1756	95	92	0	
19:35:38	2956	2662	3381	183	0	0	0	0	0	0	0	2956	2750	2662	2506	4081	2306	3	0	1	203	178	2303	642	92	0	
19:35:39	2956	2662	3381	183	0	0	0	0	0	0	0	2956	2750	2662	2506	4081	2306	3	0	1	203	178	1531	130	93	0	
19:35:40	2956	2662	3375	183	0	0	0	0	0	0	0	2956	2750	2662	2506	4081	2306	3	0	1	203	178	1619	42	94	0	
19:35:41	2956	2662	3375	183	0	0	0	0	0	0	0	2956	2750	2662	2506	4081	2306	3	0	1	203	178	0	1661	95	1	
19:35:42	2956	2662	3375	184	0	0	0	0	0	0	0	2956	2750	2662	2506	4081	2306	3	0	1	203	178	1371	290	96	0	
19:35:43	2956	2662	3375	184	0	0	0	0	0	0	0	2956	2750	2662	2506	4081	2306	3	0	1	203	178	1761	100	96	0	
19:35:44	2956	2662	3368	184	0	0	0	0	0	0	0	2956	2750	2662	2506	4081	2306	3	0	1	203	178	2306	645	97	0	
19:35:45	2956	2662	3368	183	0	0	0	0	0	0	0	2956	2750	2662	2506	4081	2306	3	0	1	203	178	1642	19	98	0	
19:35:46	2956	2662	3368	184	0	0	0	0	0	0	0	2956	2750	2662	2506	4081	2306	3	0	1	203	178	1776	115	99	0	
19:35:47	2950	2662	3368	182	0	0	0	0	0	0	0	2956	2750	2662	2506	4081	2306	3	0	1	203	178	535	1126	99	0	
19:35:48	2950	2662	3368	184	0	0	0	0	0	0	0	2956	2750	2662	2506	4081	2306	3	0	1	203	178	1774	113	100	0	
19:35:49	2956	2662	3362	184	0	0	0	0	0	0	0	2956	2750	2662	2506	4081	2306	3	0	1	203	178	486	1175	101	0	
19:35:50	2956	2662	3362	184	0	0	0	0	0	0	0	2956	2750	2662	2506	4081	2306	3	0	1	203	178	1694	33	102	0	
19:35:51	2956	2662	3362	183	0	0	0	0	0	0	0	2956	2750	2662	2506	4081	2306	3	0	1	203	178	1621	40	104	0	
19:35:52	2956	2662	3362	183	0	0	0	0	0	0	0	2956	2750	2662	2506	4081	2306	3	0	1	203	178	1585	76	105	0	
19:35:53	2956	2662	3362	183	0	0	0	0	0	0	0	2956	2750	2662	2506	4081	2306	3	0	1	203	178	2320	659	105	0	
19:35:54	2956	2662	3356	183	0	0	0	0	0	0	0	2956	2750	2662	2506	4081	2306	3	0	1	203	178	1147	514	106	0	
19:35:55	2956	2662	3356	183	0	0	0	0	0	0	0	2956	2750	2662	2506	4081	2306	3	0	1	203	178	1714	53	106	0	
19:35:56	2956	2662	3356	184	0	0	0	0	0	0	0	2956	2750	2662	2506	4081	2306	3	0	1	203	178	1625	36	108	0	
19:35:58	2956	2662	3356	183	0	0	0	0	0	0	0	2956	2750	2662	2506	4081	2306	3	0	1	203	178	237	1424	109	0	
19:35:59	2956	2662	3350	184	0	0	0	0	0	0	0	2956	2750	2662	2506	4081	2306	3	0	1	203	178	1678	17	110	0	
19:36:00	2956	2662	3350	183	0	0	0	0	0	0	0	2956	2750	2662	2506	4081	2306	3	0	1	203	178	1610	51	111	0	
19:36:01	2956	2662	3350	183	0	0	0	0	0	0	0	2956	2750	2662	2506	4081	2306	3	0	1	203	178	1680	19	112	0	
19:36:02	2956	2662	3350	184	0	0	0	0	0	0	0	2956	2750	2662	2506	4081	2306	3	0	1	203	178	1797	136	112	0	
19:36:03	2956	2662	3350	183	0	0	0	0	0	0	0	2956	2750	2662	2506	4081	2306	3	0	1	203	178	1329	332	112	0	
19:36:04	2956	2668	3350	184	0	0	0	0	0	0	0	2956	2750	2668	2506	4081	2306	3	0	1	203	178	1694	33	113	0	
19:36:05	2956	2662	3343	184	0	0	0	0	0	0	0	2956	2750	2668	2506	4081	2306	3	0	1	203	178	1662	1	113	0	
19:36:06	2956	2662	3343	183	0	0	0	0	0	0	0	2956	2750	2668	2506	4081	2306	3	0	1	203	178	1791	130	113	0	
19:36:07	2956	2662	3343	183	0	0	0	0	0	0	0	2956	2750	2668	2506	4081	2306	3	0	1	203	178	1838	177	114	0	
19:36:08	2956	2668	3343	183	0	0	0	0	0	0	0	2956	2750	2668	2506	4081	2306	3	0	1	203	178	1685	24	115	0	
19:36:09	2956	2662	3343	183	0	0	0	0	0	0	0	2956	2750	2668	2506	4081	2306	3	0	1	203	178	0	1661	116	1	
19:36:10	2956	2662	3343	182	0	0	0	0	0	0	0	2956	2750	2668	2506	4081	2306	3	0	1	203	178	1482	179	117	0	
19:36:11	2950	2662	3343	184	0	0	0	0	0	0	0	2956	2750	2668	2506	4081	2306	3	0	1	203	178	1710	49	117	0	
19:36:12	2956	2662	3343	182	0	0	0	0	0	0	0	2956	2750	2668	2506	4081	2306	3	0	1	203	178	0	1661	119	1	
19:36:13	2956	2662	3343	184	0	0	0	0	0	0	0	2956	2750	2668	2506	4081	2306	3	0	1	203	178	1606	55	120	0	
19:36:14	2956	2662	3343	183	0	0	0	0	0	0	0	2956	2750	2668	2506	4081	2306	3	0	1	203	178	1663	2	121	0	
19:36:15	2956	2662	3343	184	0	0	0	0	0	0	0	2956	2750	2668	2506	4081	2306	3	0	1	203	178	1751	90	121	0	
19:36:16	2956	2662	3343	182	0	0	0	0	0	0	0	2956	2750	2668	2506	4081	2306	3	0	1	203	178	2256	595	121	0	
19:36:17	2956	2662	3343	184	0	0	0	0	0	0	0	2956	2750	2668	2506	4081	2306	3	0	1	203	178	0	1661	123	1	
19:36:18	2956	2668	3343	183	0	0	0	0	0	0	0	2956	2750	2668	2506	4081	2306	3	0	1	203	178	2015	354	124	0	
19:36:19	2956	2662	3343	183	0	0	0	0	0	0	0	2956	2750	2668	2506	4081	2306	3	0	1	203	178	0	1661	125	1	
19:36:20	2956	2662	3343	184	0	0	0	0	0	0	0	2956	2750	2668	2506	4081	2306	3	0	1	203	178	1629	32	127	0	
19:36:21	2956	2662	3343	183	0	0	0	0	0	0	0	2956	2750	2668	2506	4081	2306	3	0	1	203	178	1751	90	129	0	
19:36:22	2956	2662	3343	184	0	0	0	0	0	0	0	2956	2750	2668	2506	4081	2306	3	0	1	203	178	1614	47	130	0	
19:36:23	2956	2668	3343	183	0	0	0	0	0	0	0	2956	2750	2668	2506	4081	2306	3	0	1	203	178	1680	19	133	0	
19:36:24	2956	2662	3343	183	0	0	0	0	0	0	0	2956	2750	2668	2506	4081	2306	3	0	1	203	178	818	843	134	0	
19:36:26	2956	2662	3337	183	0	0	0	0	0	0	0	2956	2750	2668	2506	4081	2306	3	0	1	203	178	1613	48	134	0	
19:36:27	2956	2662	3337	183	0	0	0	0	0	0	0	2956	2750	2668	2506	4081	2306	3	0	1	203	178	1532	129	135	0	
19:36:28	2962	2662	3337	184	0	0	0	0	0	0	0	2962	2750	2668	2506	4081	2306	3	0	1	203	178	2007	346	135	0	
19:36:29	2956	2662	3337	184	0	0	0	0	0	0	0	2962	2750	2668	2506	4081	2306	3	0	1	203	178	1671	10	137	0	
19:36:30	2956	2662	3337	183	0	0	0	0	0	0	0	2962	2750	2668	2506	4081	2306	3	0	1	203	178	1589	72	138	0	
19:36:31	2956	2662	3337	184	0	0	0	0	0	0	0	2962	2750	2668	2506	4081	2306	3	0	1	203	178	1571	90	138	0	
19:36:32	2956	2662	3337	184	0	0	0	0	0	0	0	2962	2750	2668	2506	4081	2306	3	0	1	203	178	158	1503	138	0	
19:36:33	2956	2662	3337	185	0	0	0	0	0	0	0	2962	2750	2668	2506	4081	2306	3	0	1	203	178	1823	162	138	0	
19:36:34	2956	2662	3337	183	0	0	0	0	0	0	0	2962	2750	2668	2506	4081	2306	3	0	1	203	178	1614	47	139	0	
19:36:35	2956	2662	3337	183	0	0	0	0	0	0	0	2962	2750	2668	2506	4081	2306	3	0	1	203	178	1938	277	140	0	
19:36:36	2956	2662	3337	184	0	0	0	0	0	0	0	2962	2750	2668	2506	4081	2306	3	0	1	203	178	1517	144	140	0	
19:36:37	2956	2662	3337	184	0	0	0	0	0	0	0	2962	2750	2668	2506	4081	2306	3	0	1	203	178	1739	78	140	0	
19:36:38	2956	2662	3337	183	0	0	0	0	0	0	0	2962	2750	2668	2506	4081	2306	3	0	1	203	178	1600	61	140	0	
19:36:39	2956	2662	3337	183	0	0	0	0	0	0	0	2962	2750	2668	2506	4081	2306	3	0	1	203	178	1657	4	142	0	
19:36:40	2956	2662	3331	183	0	0	0	0	0	0	0	2962	2750	2668	2506	4081	2306	3	0	1	203	178	1168	493	144	0	
19:36:41	2956	2662	3331	183	0	0	0	0	0	0	0	2962	2750	2668	2506	4081	2306	3	0	1	203	178	1593	68	144	0	
19:36:42	2956	2662	3331	184	0	0	0	0	0	0	0	2962	2750	2668	2506	4081	2306	3	0	1	203	178	1435	226	145	0	
19:36:43	2956	2668	3331	184	0	0	0	0	0	0	0	2962	2750	2668	2506	4081	2306	3	0	1	203	178	498	1163	146	0	
19:36:44	2956	2662	3331	183	0	0	0	0	0	0	0	2962	2750	2668	2506	4081	2306	3	0	1	203	178	1862	201	146	0	
19:36:45	2956	2662	3331	183	0	0	0	0	0	0	0	2962	2750	2668	2506	4081	2306	3	0	1	203	178	1739	78	148	0	
19:36:46	2956	2662	3331	183	0	0	0	0	0	0	0	2962	2750	2668	2506	4081	2306	3	0	1	203	178	0	1661	148	1	
19:36:47	2956	2662	3331	183	0	0	0	0	0	0	0	2962	2750	2668	2506	4081	2306	3	0	1	203	178	1626	35	148	0	
19:36:48	2956	2662	3325	184	0	0	0	0	0	0	0	2962	2750	2668	2506	4081	2306	3	0	1	203	178	976	685	148	0	
19:36:49	2950	2662	3331	183	0	0	0	0	0	0	0	2962	2750	2668	2506	4081	2306	3	0	1	203	178	1662	1	149	0	
19:36:50	2956	2668	3325	184	0	0	0	0	0	0	0	2962	2750	2668	2506	4081	2306	3	0	1	203	178	1665	4	151	0	
19:36:52	2956	2662	3325	182	0	0	0	0	0	0	0	2962	2750	2668	2506	4081	2306	3	0	1	203	178	1726	65	151	0	
19:36:53	2956	2662	3325	183	0	0	0	0	0	0	0	2962	2750	2668	2506	4081	2306	3	0	1	203	178	1613	48	151	0	
19:36:54	2956	2662	3325	184	0	0	0	0	0	0	0	2962	2750	2668	2506	4081	2306	3	0	1	203	178	0	1661	151	1	
19:36:55	2956	2662	3318	184	0	0	0	0	0	0	0	2962	2750	2668	2506	4081	2306	3	0	1	203	178	1709	48	153	0	
19:36:56	2956	2662	3325	182	0	0	0	0	0	0	0	2962	2750	2668	2506	4081	2306	3	0	1	203	178	1678	17	154	0	
19:36:57	2956	2662	3318	183	0	0	0	0	0	0	0	2962	2750	2668	2506	4081	2306	3	0	1	203	178	1678	17	154	0	
19:36:58	2956	2662	3318	182	0	0	0	0	0	0	0	2962	2750	2668	2506	4081	2306	3	0	1	203	178	1575	86	154	0	
19:36:59	2956	2662	3318	184	0	0	0	0	0	0	0	2962	2750	2668	2506	4081	2306	3	0	1	203	178	1658	3	154	0	
19:37:00	2956	2662	3318	184	0	0	0	0	0	0	0	2962	2750	2668	2506	4081	2306	3	0	1	203	178	807	854	154	0	
19:37:01	2956	2662	3318	183	0	0	0	0	0	0	0	2962	2750	2668	2506	4081	2306	3	0	1	203	178	1627	34	156	0	
19:37:02	2956	2662	3318	185	0	0	0	0	0	0	0	2962	2750	2668	2506	4081	2306	3	0	1	203	178	0	1661	156	1	
19:37:03	2956	2662	3318	183	0	0	0	0	0	0	0	2962	2750	2668	2506	4081	2306	3	0	1	203	178	1611	50	157	0	
19:37:04	2956	2662	3312	183	0	0	0	0	0	0	0	2962	2750	2668	2506	4081	2306	3	0	1	203	178	1648	13	157	0	
19:37:05	2956	2662	3312	183	0	0	0	0	0	0	0	2962	2750	2668	2506	4081	2306	3	0	1	203	178	1631	30	157	0	
19:37:06	2956	2662	3312	184	0	0	0	0	0	0	0	2962	2750	2668	2506	4081	2306	3	0	1	203	178	1647	14	157	0	
19:37:07	2956	2662	3312	184	0	0	0	0	0	0	0	2962	2750	2668	2506	4081	2306	3	0	1	203	178	880	781	158	0	
19:37:08	2956	2662	3312	183	0	0	0	0	0	0	0	2962	2750	2668	2506	4081	2306	3	0	1	203	178	1788	127	159	0	
19:37:09	2956	2662	3312	184	0	0	0	0	0	0	0	2962	2750	2668	2506	4081	2306	3	0	1	203	178	1458	203	160	0	
19:37:10	2956	2662	3312	184	0	0	0	0	0	0	0	2962	2750	2668	2506	4081	2306	3	0	1	203	178	1439	222	160	0	
19:37:11	2956	2662	3312	184	0	0	0	0	0	0	0	2962	2750	2668	2506	4081	2306	3	0	1	203	178	1824	163	160	0	
19:37:12	2956	2662	3312	184	0	0	0	0	0	0	0	2962	2750	2668	2506	4081	2306	3	0	1	203	178	1706	45	161	0	
19:37:13	2956	2662	3312	184	0	0	0	0	0	0	0	2962	2750	2668	2506	4081	2306	3	0	1	203	178	1936	275	161	0	
19:37:14	2956	2662	3306	184	0	0	0	0	0	0	0	2962	2750	2668	2506	4081	2306	3	0	1	203	178	1598	63	161	0	
19:37:15	2956	2662	3306	183	0	0	0	0	0	0	0	2962	2750	2668	2506	4081	2306	3	0	1	203	178	0	1661	161	1	
19:37:16	2956	2668	3306	183	0	0	0	0	0	0	0	2962	2750	2668	2506	4081	2306	3	0	1	203	178	1718	57	162	0	
19:37:17	2956	2662	3306	184	0	0	0	0	0	0	0	2962	2750	2668	2506	4081	2306	3	0	1	203	178	1795	134	163	0	
19:37:18	2956	2668	3306	182	0	0	0	0	0	0	0	2962	2750	2668	2506	4081	2306	3	0	1	203	178	1675	14	163	0	
19:37:19	2956	2662	3306	183	0	0	0	0	0	0	0	2962	2750	2668	2506	4081	2306	3	0	1	203	178	1659	2	163	0	
19:37:20	2956	2662	3300	184	0	0	0	0	0	0	0	2962	2750	2668	2506	4081	2306	3	0	1	203	178	1648	13	163	0	
19:37:21	2956	2662	3300	183	0	0	0	0	0	0	0	2962	2750	2668	2506	4081	2306	3	0	1	203	178	1759	98	163	0	
19:37:23	2956	2662	3300	182	0	0	0	0	0	0	0	2962	2750	2668	2506	4081	2306	3	0	1	203	178	1535	126	163	0	
19:37:24	2956	2662	3300	183	0	0	0	0	0	0	0	2962	2750	2668	2506	4081	2306	3	0	1	203	178	1603	58	163	0	
19:37:25	2956	2662	3300	184	0	0	0	0	0	0	0	2962	2750	2668	2506	4081	2306	3	0	1	203	178	1645	16	164	0	
19:37:26	2956	2662	3300	183	0	0	0	0	0	0	0	2962	2750	2668	2506	4081	2306	3	0	1	203	178	1249	412	166	0	
19:37:27	2956	2662	3300	183	0	0	0	0	0	0	0	2962	2750	2668	2506	4081	2306	3	0	1	203	178	1629	32	166	0	
19:37:28	2956	2662	3300	183	0	0	0	0	0	0	0	2962	2750	2668	2506	4081	2306	3	0	1	203	178	1682	21	166	0	
19:37:29	2956	2662	3293	183	0	0	0	0	0	0	0	2962	2750	2668	2506	4081	2306	3	0	1	203	178	704	957	166	0	
19:37:30	2956	2662	3293	183	0	0	0	0	0	0	0	2962	2750	2668	2506	4081	2306	3	0	1	203	178	1712	51	167	0	
19:37:31	2956	2662	3293	183	0	0	0	0	0	0	0	2962	2750	2668	2506	4081	2306	3	0	1	203	178	1209	452	168	0	
19:37:32	2956	2662	3293	182	0	0	0	0	0	0	0	2962	2750	2668	2506	4081	2306	3	0	1	203	178	1834	173	169	0	
19:37:33	2956	2668	3293	184	0	0	0	0	0	0	0	2962	2750	2668	2506	4081	2306	3	0	1	203	178	1659	2	170	0	
19:37:34	2956	2662	3293	183	0	0	0	0	0	0	0	2962	2750	2668	2506	4081	2306	3	0	1	203	178	1488	173	171	0	
19:37:35	2956	2662	3287	183	0	0	0	0	0	0	0	2962	2750	2668	2506	4081	2306	3	0	1	203	178	1633	28	173	0	
19:37:36	2956	2662	3287	182	0	0	0	0	0	0	0	2962	2750	2668	2506	4081	2306	3	0	1	203	178	1825	164	173	0	
19:37:37	2956	2662	3287	184	0	0	0	0	0	0	0	2962	2750	2668	2506	4081	2306	3	0	1	203	178	646	1015	173	0	
19:37:38	2956	2662	3287	183	0	0	0	0	0	0	0	2962	2750	2668	2506	4081	2306	3	0	1	203	178	1654	7	173	0	
19:37:39	2956	2662	3287	184	0	0	0	0	0	0	0	2962	2750	2668	2506	4081	2306	3	0	1	203	178	1314	347	173	0	
19:37:40	2956	2662	3281	183	0	0	0	0	0	0	0	2962	2750	2668	2506	4081	2306	3	0	1	203	178	1807	146	173	0	
19:37:41	2956	2662	3281	183	0	0	0	0	0	0	0	2962	2750	2668	2506	4081	2306	3	0	1	203	178	1831	170	174	0	
19:37:42	2956	2662	3281	183	0	0	0	0	0	0	0	2962	2750	2668	2506	4081	2306	3	0	1	203	178	1610	51	174	0	
19:37:43	2962	2662	3281	183	0	0	0	0	0	0	0	2962	2750	2668	2506	4081	2306	3	0	1	203	178	1714	53	174	0	
19:37:44	2956	2662	3281	184	0	0	0	0	0	0	0	2962	2750	2668	2506	4081	2306	3	0	1	203	178	1472	189	174	0	
19:37:45	2956	2662	3281	183	0	0	0	0	0	0	0	2962	2750	2668	2506	4081	2306	3	0	1	203	178	0	1661	175	1	
19:37:46	2956	2668	3275	183	0	0	0	0	0	0	0	2962	2750	2668	2506	4081	2306	3	0	1	203	178	1509	152	176	0	
19:37:48	2956	2668	3275	185	0	0	0	0	0	0	0	2962	2750	2668	2506	4081	2306	3	0	1	203	178	1578	83	177	0	
19:37:49	2956	2662	3275	183	0	0	0	0	0	0	0	2962	2750	2668	2506	4081	2306	3	0	1	203	178	1591	70	180	0	
19:37:50	2956	2662	3275	183	0	0	0	0	0	0	0	2962	2750	2668	2506	4081	2306	3	0	1	203	178	1660	1	180	0	
19:37:51	2956	2668	3275	183	0	0	0	0	0	0	0	2962	2750	2668	2506	4081	2306	3	0	1	203	178	1581	80	180	0	
19:37:52	2956	2662	3275	182	0	0	0	0	0	0	0	2962	2750	2668	2506	4081	2306	3	0	1	203	178	1660	1	180	0	
19:37:53	2956	2662	3275	184	0	0	0	0	0	0	0	2962	2750	2668	2506	4081	2306	3	0	1	203	178	357	1304	180	0	
19:37:54	2956	2662	3268	183	0	0	0	0	0	0	0	2962	2750	2668	2506	4081	2306	3	0	1	203	178	2191	530	182	0	
19:37:55	2956	2662	3275	183	0	0	0	0	0	0	0	2962	2750	2668	2506	4081	2306	3	0	1	203	178	1489	172	182	0	
19:37:56	2956	2662	3268	184	0	0	0	0	0	0	0	2962	2750	2668	2506	4081	2306	3	0	1	203	178	1591	70	183	0	
19:37:57	2956	2668	3268	184	0	0	0	0	0	0	0	2962	2750	2668	2506	4081	2306	3	0	1	203	178	752	909	183	0	
19:37:58	2956	2662	3268	183	0	0	0	0	0	0	0	2962	2750	2668	2506	4081	2306	3	0	1	203	178	1654	7	184	0	
19:37:59	2956	2662	3268	184	0	0	0	0	0	0	0	2962	2750	2668	2506	4081	2306	3	0	1	203	178	1809	148	185	0	
19:38:00	2956	2662	3268	184	0	0	0	0	0	0	0	2962	2750	2668	2506	4081	2306	3	0	1	203	178	1808	147	187	0	
19:38:01	2956	2662	3268	184	0	0	0	0	0	0	0	2962	2750	2668	2506	4081	2306	3	0	1	203	178	1599	62	187	0	
19:38:02	2956	2662	3262	183	0	0	0	0	0	0	0	2962	2750	2668	2506	4081	2306	3	0	1	203	178	1562	99	187	0	
19:38:03	2956	2662	3262	183	0	0	0	0	0	0	0	2962	2750	2668	2506	4081	2306	3	0	1	203	178	1822	161	188	0	
19:38:04	2956	2662	3262	182	0	0	0	0	0	0	0	2962	2750	2668	2506	4081	2306	3	0	1	203	178	1702	41	188	0	
19:38:05	2956	2662	3262	183	0	0	0	0	0	0	0	2962	2750	2668	2506	4081	2306	3	0	1	203	178	1761	100	189	0	
19:38:06	2956	2662	3262	183	0	0	0	0	0	0	0	2962	2750	2668	2506	4081	2306	3	0	1	203	178	1613	48	189	0	
19:38:07	2956	2662	3262	183	0	0	0	0	0	0	0	2962	2750	2668	2506	4081	2306	3	0	1	203	178	1535	126	190	0	
19:38:08	2956	2662	3256	183	0	0	0	0	0	0	0	2962	2750	2668	2506	4081	2306	3	0	1	203	178	0	1661	191	1	
19:38:10	2956	2662	3256	183	0	0	0	0	0	0	0	2962	2750	2668	2506	4081	2306	3	0	1	203	178	1878	217	191	0	
19:38:11	2956	2662	3256	184	0	0	0	0	0	0	0	2962	2750	2668	2506	4081	2306	3	0	1	203	178	0	1661	192	1	
19:38:12	2956	2662	3256	184	0	0	0	0	0	0	0	2962	2750	2668	2506	4081	2306	3	0	1	203	178	0	1661	193	1	
19:38:13	2956	2662	3250	184	0	0	0	0	0	0	0	2962	2750	2668	2506	4081	2306	3	0	1	203	178	1643	18	193	0	
19:38:14	2956	2662	3256	184	0	0	0	0	0	0	0	2962	2750	2668	2506	4081	2306	3	0	1	203	178	990	671	193	0	
19:38:15	2956	2662	3250	184	0	0	0	0	0	0	0	2962	2750	2668	2506	4081	2306	3	0	1	203	178	1486	175	195	0	
19:38:16	2956	2662	3250	183	0	0	0	0	0	0	0	2962	2750	2668	2506	4081	2306	3	0	1	203	178	499	1162	196	0	
19:38:17	2956	2662	3250	183	0	0	0	0	0	0	0	2962	2750	2668	2506	4081	2306	3	0	1	203	178	1858	197	196	0	
19:38:18	2956	2668	3250	184	0	0	0	0	0	0	0	2962	2750	2668	2506	4081	2306	3	0	1	203	178	0	1661	198	1	
19:38:19	2956	2662	3250	183	0	0	0	0	0	0	0	2962	2750	2668	2506	4081	2306	3	0	1	203	178	2997	1336	199	0	
19:38:20	2956	2668	3250	184	0	0	0	0	0	0	0	2962	2750	2668	2506	4081	2306	3	0	1	203	178	1867	206	199	0	
19:38:21	2956	2662	3250	184	0	0	0	0	0	0	0	2962	2750	2668	2506	4081	2306	3	0	1	203	178	1625	36	200	0	
19:38:22	2962	2662	3250	182	0	0	0	0	0	0	0	2962	2750	2668	2506	4081	2306	3	0	1	203	178	1636	25	200	0	
19:38:23	2956	2662	3243	183	0	0	0	0	0	0	0	2962	2750	2668	2506	4081	2306	3	0	1	203	178	1674	13	201	0	
19:38:24	2956	2668	3243	184	0	0	0	0	0	0	0	2962	2750	2668	2506	4081	2306	3	0	1	203	178	0	1661	202	1	
19:38:25	2956	2662	3243	184	0	0	0	0	0	0	0	2962	2750	2668	2506	4081	2306	3	0	1	203	178	1635	26	203	0	
19:38:26	2956	2662	3243	184	0	0	0	0	0	0	0	2962	2750	2668	2506	4081	2306	3	0	1	203	178	1494	167	203	0	
19:38:27	2956	2662	3243	183	0	0	0	0	0	0	0	2962	2750	2668	2506	4081	2306	3	0	1	203	178	551	1110	203	0	
19:38:28	2956	2668	3237	183	0	0	0	0	0	0	0	2962	2750	2668	2506	4081	2306	3	0	1	203	178	1858	197	203	0	
19:38:29	2956	2662	3237	184	0	0	0	0	0	0	0	2962	2750	2668	2506	4081	2306	3	0	1	203	178	2230	569	203	0	
19:38:30	2956	2662	3237	183	0	0	0	0	0	0	0	2962	2750	2668	2506	4081	2306	3	0	1	203	178	1614	47	203	0	
19:38:31	2956	2662	3237	184	0	0	0	0	0	0	0	2962	2750	2668	2506	4081	2306	3	0	1	203	178	1808	147	204	0	
19:38:32	2956	2662	3237	183	0	0	0	0	0	0	0	2962	2750	2668	2506	4081	2306	3	0	1	203	178	0	1661	204	1	
19:38:33	2956	2662	3237	184	0	0	0	0	0	0	0	2962	2750	2668	2506	4081	2306	3	0	1	203	178	1820	159	204	0	
19:38:34	2956	2662	3237	184	0	0	0	0	0	0	0	2962	2750	2668	2506	4081	2306	3	0	1	203	178	1845	184	204	0	
19:38:35	2956	2662	3237	184	0	0	0	0	0	0	0	2962	2750	2668	2506	4081	2306	3	0	1	203	178	1597	64	204	0	
19:38:36	2956	2668	3237	183	0	0	0	0	0	0	0	2962	2750	2668	2506	4081	2306	3	0	1	203	178	1649	12	206	0	
19:38:38	2956	2668	3237	183	0	0	0	0	0	0	0	2962	2750	2668	2506	4081	2306	3	0	1	203	178	0	1661	207	1	
19:38:39	2956	2668	3237	183	0	0	0	0	0	0	0	2962	2750	2668	2506	4081	2306	3	0	1	203	178	1230	431	207	0	
19:38:40	2956	2668	3231	183	0	0	0	0	0	0	0	2962	2750	2668	2506	4081	2306	3	0	1	203	178	0	1661	208	1	
19:38:41	2956	2662	3231	183	0	0	0	0	0	0	0	2962	2750	2668	2506	4081	2306	3	0	1	203	178	1619	42	209	0	
19:38:42	2956	2662	3231	183	0	0	0	0	0	0	0	2962	2750	2668	2506	4081	2306	3	0	1	203	178	1680	19	210	0	
19:38:43	2956	2668	3231	183	0	0	0	0	0	0	0	2962	2750	2668	2506	4081	2306	3	0	1	203	178	1566	95	210	0	
19:38:44	2956	2662	3231	183	0	0	0	0	0	0	0	2962	2750	2668	2506	4081	2306	3	0	1	203	178	1584	77	210	0	
19:38:45	2956	2662	3231	183	0	0	0	0	0	0	0	2962	2750	2668	2506	4081	2306	3	0	1	203	178	1841	180	211	0	
19:38:46	2956	2662	3231	183	0	0	0	0	0	0	0	2962	2750	2668	2506	4081	2306	3	0	1	203	178	378	1283	211	0	
19:38:47	2956	2668	3225	182	0	0	0	0	0	0	0	2962	2750	2668	2506	4081	2306	3	0	1	203	178	1638	23	212	0	
19:38:48	2956	2668	3225	183	0	0	0	0	0	0	0	2962	2750	2668	2506	4081	2306	3	0	1	203	178	0	1661	213	1	
19:38:49	2956	2662	3225	184	0	0	0	0	0	0	0	2962	2750	2668	2506	4081	2306	3	0	1	203	178	1808	147	213	0	
19:38:50	2956	2662	3225	183	0	0	0	0	0	0	0	2962	2750	2668	2506	4081	2306	3	0	1	203	178	1669	8	214	0	
19:38:51	2956	2662	3225	183	0	0	0	0	0	0	0	2962	2750	2668	2506	4081	2306	3	0	1	203	178	1802	141	214	0	
19:38:52	2956	2668	3225	183	0	0	0	0	0	0	0	2962	2750	2668	2506	4081	2306	3	0	1	203	178	2971	1310	215	0	
19:38:53	2956	2668	3225	184	0	0	0	0	0	0	0	2962	2750	2668	2506	4081	2306	3	0	1	203	178	0	1661	216	1	
19:38:54	2956	2662	3225	184	0	0	0	0	0	0	0	2962	2750	2668	2506	4081	2306	3	0	1	203	178	1847	186	216	0	
19:38:55	2956	2662	3225	183	0	0	0	0	0	0	0	2962	2750	2668	2506	4081	2306	3	0	1	203	178	1873	212	217	0	
19:38:56	2956	2668	3218	183	0	0	0	0	0	0	0	2962	2750	2668	2506	4081	2306	3	0	1	203	178	0	1661	217	1	
19:38:57	2956	2662	3218	184	0	0	0	0	0	0	0	2962	2750	2668	2506	4081	2306	3	0	1	203	178	1781	120	218	0	
19:38:58	2956	2668	3218	183	0	0	0	0	0	0	0	2962	2750	2668	2506	4081	2306	3	0	1	203	178	1154	507	219	0	
19:38:59	2956	2668	3218	183	0	0	0	0	0	0	0	2962	2750	2668	2506	4081	2306	3	0	1	203	178	1742	81	219	0	
19:39:00	2956	2662	3218	182	0	0	0	0	0	0	0	2962	2750	2668	2506	4081	2306	3	0	1	203	178	1825	164	220	0	
19:39:01	2956	2662	3218	184	0	0	0	0	0	0	0	2962	2750	2668	2506	4081	2306	3	0	1	203	178	625	1036	220	0	
19:39:02	2956	2662	3218	183	0	0	0	0	0	0	0	2962	2750	2668	2506	4081	2306	3	0	1	203	178	1649	12	221	0	
19:39:03	2956	2668	3218	183	0	0	0	0	0	0	0	2962	2750	2668	2506	4081	2306	3	0	1	203	178	1703	42	223	0	
19:39:04	2956	2668	3218	183	0	0	0	0	0	0	0	2962	2750	2668	2506	4081	2306	3	0	1	203	178	2045	384	224	0	
19:39:05	2956	2662	3218	182	0	0	0	0	0	0	0	2962	2750	2668	2506	4081	2306	3	0	1	203	178	1648	13	225	0	
19:39:06	2956	2662	3218	183	0	0	0	0	0	0	0	2962	2750	2668	2506	4081	2306	3	0	1	203	178	703	958	225	0	
19:39:08	2956	2662	3218	183	0	0	0	0	0	0	0	2962	2750	2668	2506	4081	2306	3	0	1	203	178	1535	126	225	0	
19:39:09	2956	2662	3218	183	0	0	0	0	0	0	0	2962	2750	2668	2506	4081	2306	3	0	1	203	178	1504	157	225	0	
19:39:10	2956	2668	3212	182	0	0	0	0	0	0	0	2962	2750	2668	2506	4081	2306	3	0	1	203	178	1625	36	227	0	
19:39:11	2956	2668	3218	183	0	0	0	0	0	0	0	2962	2750	2668	2506	4081	2306	3	0	1	203	178	1233	428	227	0	
19:39:12	2956	2668	3212	184	0	0	0	0	0	0	0	2962	2750	2668	2506	4081	2306	3	0	1	203	178	1599	62	228	0	
19:39:13	2956	2662	3212	184	0	0	0	0	0	0	0	2962	2750	2668	2506	4081	2306	3	0	1	203	178	1763	102	228	0	
19:39:14	2956	2668	3212	184	0	0	0	0	0	0	0	2962	2750	2668	2506	4081	2306	3	0	1	203	178	599	1062	228	0	
19:39:15	2956	2662	3212	183	0	0	0	0	0	0	0	2962	2750	2668	2506	4081	2306	3	0	1	203	178	1693	32	228	0	
19:39:16	2956	2668	3212	182	0	0	0	0	0	0	0	2962	2750	2668	2506	4081	2306	3	0	1	203	178	1805	144	228	0	
19:39:17	2956	2662	3212	183	0	0	0	0	0	0	0	2962	2750	2668	2506	4081	2306	3	0	1	203	178	1555	106	229	0	
19:39:18	2956	2662	3206	183	0	0	0	0	0	0	0	2962	2750	2668	2506	4081	2306	3	0	1	203	178	1050	611	229	0	
19:39:19	2956	2668	3206	183	0	0	0	0	0	0	0	2962	2750	2668	2506	4081	2306	3	0	1	203	178	1821	160	229	0	
19:39:20	2956	2662	3206	182	0	0	0	0	0	0	0	2962	2750	2668	2506	4081	2306	3	0	1	203	178	1152	509	229	0	
19:39:21	2956	2662	3206	183	0	0	0	0	0	0	0	2962	2750	2668	2506	4081	2306	3	0	1	203	178	0	1661	229	1	
19:39:22	2956	2662	3206	183	0	0	0	0	0	0	0	2962	2750	2668	2506	4081	2306	3	0	1	203	178	1808	147	229	0	
19:39:23	2956	2662	3206	184	0	0	0	0	0	0	0	2962	2750	2668	2506	4081	2306	3	0	1	203	178	1623	38	230	0	
19:39:24	2956	2662	3206	183	0	0	0	0	0	0	0	2962	2750	2668	2506	4081	2306	3	0	1	203	178	1406	255	231	0	
19:39:25	2956	2662	3206	183	0	0	0	0	0	0	0	2962	2750	2668	2506	4081	2306	3	0	1	203	178	1595	66	232	0	
19:39:26	2956	2668	3200	183	0	0	0	0	0	0	0	2962	2750	2668	2506	4081	2306	3	0	1	203	178	1655	6	232	0	
19:39:27	2956	2662	3200	183	0	0	0	0	0	0	0	2962	2750	2668	2506	4081	2306	3	0	1	203	178	1734	73	234	0	
19:39:28	2956	2668	3200	184	0	0	0	0	0	0	0	2962	2750	2668	2506	4081	2306	3	0	1	203	178	1390	271	235	0	
19:39:29	2956	2662	3200	184	0	0	0	0	0	0	0	2962	2750	2668	2506	4081	2306	3	0	1	203	178	1589	72	236	0	
19:39:30	2956	2662	3200	182	0	0	0	0	0	0	0	2962	2750	2668	2506	4081	2306	3	0	1	203	178	1635	26	236	0	
19:39:31	2956	2668	3200	183	0	0	0	0	0	0	0	2962	2750	2668	2506	4081	2306	3	0	1	203	178	1691	30	237	0	
19:39:33	2956	2662	3200	183	0	0	0	0	0	0	0	2962	2750	2668	2506	4081	2306	3	0	1	203	178	1648	13	238	0	
19:39:34	2956	2662	3200	184	0	0	0	0	0	0	0	2962	2750	2668	2506	4081	2306	3	0	1	203	178	1849	188	239	0	
19:39:35	2956	2662	3193	183	0	0	0	0	0	0	0	2962	2750	2668	2506	4081	2306	3	0	1	203	178	3051	1390	239	0	
19:39:36	2956	2668	3193	184	0	0	0	0	0	0	0	2962	2750	2668	2506	4081	2306	3	0	1	203	178	0	1661	240	1	
19:39:37	2956	2662	3193	184	0	0	0	0	0	0	0	2962	2750	2668	2506	4081	2306	3	0	1	203	178	1630	31	241	0	
19:39:38	2956	2668	3193	183	0	0	0	0	0	0	0	2962	2750	2668	2506	4081	2306	3	0	1	203	178	1622	39	242	0	
19:39:39	2956	2662	3193	183	0	0	0	0	0	0	0	2962	2750	2668	2506	4081	2306	3	0	1	203	178	0	1661	243	1	
19:39:40	2956	2668	3193	184	0	0	0	0	0	0	0	2962	2750	2668	2506	4081	2306	3	0	1	203	178	1677	16	244	0	
19:39:41	2956	2668	3193	183	0	0	0	0	0	0	0	2962	2750	2668	2506	4081	2306	3	0	1	203	178	1686	25	244	0	
19:39:42	2956	2662	3193	183	0	0	0	0	0	0	0	2962	2750	2668	2506	4081	2306	3	0	1	203	178	1567	94	245	0	
19:39:43	2956	2662	3187	184	0	0	0	0	0	0	0	2962	2750	2668	2506	4081	2306	3	0	1	203	178	1099	562	245	0	
19:39:44	2956	2668	3193	183	0	0	0	0	0	0	0	2962	2750	2668	2506	4081	2306	3	0	1	203	178	1631	30	245	0	
19:39:45	2956	2668	3187	183	0	0	0	0	0	0	0	2962	2750	2668	2506	4081	2306	3	0	1	203	178	1887	226	245	0	
19:39:46	2956	2668	3187	184	0	0	0	0	0	0	0	2962	2750	2668	2506	4081	2306	3	0	1	203	178	1639	22	245	0	
19:39:47	2956	2662	3187	183	0	0	0	0	0	0	0	2962	2750	2668	2506	4081	2306	3	0	1	203	178	1635	26	245	0	
19:39:48	2956	2668	3187	182	0	0	0	0	0	0	0	2962	2750	2668	2506	4081	2306	3	0	1	203	178	1627	34	246	0	
19:39:49	2956	2662	3187	183	0	0	0	0	0	0	0	2962	2750	2668	2506	4081	2306	3	0	1	203	178	1817	156	246	0	
19:39:50	2956	2662	3187	183	0	0	0	0	0	0	0	2962	2750	2668	2506	4081	2306	3	0	1	203	178	0	1661	247	1	
19:39:51	2956	2668	3187	183	0	0	0	0	0	0	0	2962	2750	2668	2506	4081	2306	3	0	1	203	178	1639	22	248	0	
19:39:52	2956	2662	3187	183	0	0	0	0	0	0	0	2962	2750	2668	2506	4081	2306	3	0	1	203	178	1418	243	248	0	
19:39:53	2956	2662	3187	184	0	0	0	0	0	0	0	2962	2750	2668	2506	4081	2306	3	0	1	203	178	1569	92	248	0	
19:39:54	2956	2662	3181	184	0	0	0	0	0	0	0	2962	2750	2668	2506	4081	2306	3	0	1	203	178	1648	13	248	0	
19:39:55	2956	2668	3181	183	0	0	0	0	0	0	0	2962	2750	2668	2506	4081	2306	3	0	1	203	178	1681	20	248	0	
19:39:56	2956	2662	3181	182	0	0	0	0	0	0	0	2962	2750	2668	2506	4081	2306	3	0	1	203	178	1512	149	250	0	
19:39:57	2962	2668	3181	184	0	0	0	0	0	0	0	2962	2750	2668	2506	4081	2306	3	0	1	203	178	1837	176	250	0	
19:39:58	2962	2668	3181	183	0	0	0	0	0	0	0	2962	2750	2668	2506	4081	2306	3	0	1	203	178	1712	51	252	0	
19:39:59	2956	2662	3181	183	0	0	0	0	0	0	0	2962	2750	2668	2506	4081	2306	3	0	1	203	178	1619	42	253	0	
19:40:00	2956	2668	3181	183	0	0	0	0	0	0	0	2962	2750	2668	2506	4081	2306	3	0	1	203	178	2137	476	253	0	
19:40:01	2956	2668	3181	183	0	0	0	0	0	0	0	2962	2750	2668	2506	4081	2306	3	0	1	203	178	1622	39	253	0	
19:40:02	2956	2662	3175	184	0	0	0	0	0	0	0	2962	2750	2668	2506	4081	2306	3	0	1	203	178	1626	35	255	0	
19:40:03	2956	2668	3175	184	0	0	0	0	0	0	0	2962	2750	2668	2506	4081	2306	3	0	1	203	178	1692	31	255	0	
19:40:04	2956	2662	3175	183	0	0	0	0	0	0	0	2962	2750	2668	2506	4081	2306	3	0	1	203	178	1535	126	255	0	
19:40:06	2956	2662	3175	183	0	0	0	0	0	0	0	2962	2750	2668	2506	4081	2306	3	0	1	203	178	1573	88	0	0	
19:40:07	2956	2662	3175	183	0	0	0	0	0	0	0	2962	2750	2668	2506	4081	2306	3	0	1	203	178	0	1661	0	1	
19:40:08	2956	2662	3175	184	0	0	0	0	0	0	0	2962	2750	2668	2506	4081	2306	3	0	1	203	178	0	1661	1	1	
19:40:09	2956	2662	3175	184	0	0	0	0	0	0	0	2962	2750	2668	2506	4081	2306	3	0	1	203	178	0	1661	1	1	
19:40:10	2956	2662	3175	182	0	0	0	0	0	0	0	2962	2750	2668	2506	4081	2306	3	0	1	203	178	1828	167	2	0	
19:40:11	2956	2662	3168	184	0	0	0	0	0	0	0	2962	2750	2668	2506	4081	2306	3	0	1	203	178	1632	29	4	0	
19:40:12	2956	2668	3168	184	0	0	0	0	0	0	0	2962	2750	2668	2506	4081	2306	3	0	1	203	178	4095	2434	5	0	
19:40:13	2956	2668	3175	184	0	0	0	0	0	0	0	2962	2750	2668	2506	4081	2306	3	0	1	203	178	1907	246	6	0	
19:40:14	2956	2662	3168	184	0	0	0	0	0	0	0	2962	2750	2668	2506	4081	2306	3	0	1	203	178	0	1661	6	1	
19:40:15	2956	2662	3168	184	0	0	0	0	0	0	0	2962	2750	2668	2506	4081	2306	3	0	1	203	178	1663	2	6	0	
19:40:16	2956	2668	3168	183	0	0	0	0	0	0	0	2962	2750	2668	2506	4081	2306	3	0	1	203	178	1781	120	7	0	
19:40:17	2956	2662	3168	183	0	0	0	0	0	0	0	2962	2750	2668	2506	4081	2306	3	0	1	203	178	1685	24	7	0	
19:40:18	2956	2662	3168	185	0	0	0	0	0	0	0	2962	2750	2668	2506	4081	2306	3	0	1	203	178	1728	67	7	0	
19:40:19	2956	2662	3168	182	0	0	0	0	0	0	0	2962	2750	2668	2506	4081	2306	3	0	1	203	178	1639	22	7	0	
19:40:20	2956	2668	3168	184	0	0	0	0	0	0	0	2962	2750	2668	2506	4081	2306	3	0	1	203	178	2225	564	7	0	
19:40:21	2956	2668	3168	184	0	0	0	0	0	0	0	2962	2750	2668	2506	4081	2306	3	0	1	203	178	1533	128	7	0	
19:40:22	2956	2668	3162	183	0	0	0	0	0	0	0	2962	2750	2668	2506	4081	2306	3	0	1	203	178	0	1661	8	1	
19:40:23	2962	2668	3168	183	0	0	0	0	0	0	0	2962	2750	2668	2506	4081	2306	3	0	1	203	178	1638	23	8	0	
19:40:24	2956	2662	3162	183	0	0	0	0	0	0	0	2962	2750	2668	2506	4081	2306	3	0	1	203	178	1612	49	8	0	
19:40:25	2956	2662	3162	182	0	0	0	0	0	0	0	2962	2750	2668	2506	4081	2306	3	0	1	203	178	1559	102	8	0	
19:40:26	2956	2662	3162	183	0	0	0	0	0	0	0	2962	2750	2668	2506	4081	2306	3	0	1	203	178	1708	47	9	0	
19:40:27	2956	2668	3162	184	0	0	0	0	0	0	0	2962	2750	2668	2506	4081	2306	3	0	1	203	178	0	1661	10	1	
19:40:28	2962	2662	3162	184	0	0	0	0	0	0	0	2962	2750	2668	2506	4081	2306	3	0	1	203	178	1594	67	10	0	
19:40:29	2956	2662	3162	184	0	0	0	0	0	0	0	2962	2750	2668	2506	4081	2306	3	0	1	203	178	1466	195	10	0	
19:40:30	2956	2662	3162	183	0	0	0	0	0	0	0	2962	2750	2668	2506	4081	2306	3	0	1	203	178	266	1395	11	0	
19:40:31	2956	2662	3156	184	0	0	0	0	0	0	0	2962	2750	2668	2506	4081	2306	3	0	1	203	178	1616	45	11	0	
19:40:32	2956	2662	3156	182	0	0	0	0	0	0	0	2962	2750	2668	2506	4081	2306	3	0	1	203	178	1840	179	12	0	
19:40:33	2956	2662	3156	184	0	0	0	0	0	0	0	2962	2750	2668	2506	4081	2306	3	0	1	203	178	1535	126	13	0	
19:40:34	2956	2668	3156	183	0	0	0	0	0	0	0	2962	2750	2668	2506	4081	2306	3	0	1	203	178	1616	45	14	0	
19:40:36	2962	2662	3156	183	0	0	0	0	0	0	0	2962	2750	2668	2506	4081	2306	3	0	1	203	178	1829	168	15	0	
19:40:37	2956	2668	3150	183	0	0	0	0	0	0	0	2962	2750	2668	2506	4081	2306	3	0	1	203	178	1682	21	15	0	
19:40:38	2956	2662	3150	184	0	0	0	0	0	0	0	2962	2750	2668	2506	4081	2306	3	0	1	203	178	1467	194	15	0	
19:40:39	2956	2662	3150	183	0	0	0	0	0	0	0	2962	2750	2668	2506	4081	2306	3	0	1	203	178	1596	65	16	0	
19:40:40	2956	2668	3150	185	0	0	0	0	0	0	0	2962	2750	2668	2506	4081	2306	3	0	1	203	178	1647	14	18	0	
19:40:41	2956	2662	3150	182	0	0	0	0	0	0	0	2962	2750	2668	2506	4081	2306	3	0	1	203	178	1671	10	19	0	
19:40:42	2956	2668	3150	183	0	0	0	0	0	0	0	2962	2750	2668	2506	4081	2306	3	0	1	203	178	1739	78	20	0	
19:40:43	2956	2662	3150	184	0	0	0	0	0	0	0	2962	2750	2668	2506	4081	2306	3	0	1	203	178	1835	174	23	0	
19:40:44	2956	2668	3150	183	0	0	0	0	0	0	0	2962	2750	2668	2506	4081	2306	3	0	1	203	178	0	1661	24	1	
19:40:45	2956	2662	3150	183	0	0	0	0	0	0	0	2962	2750	2668	2506	4081	2306	3	0	1	203	178	1695	34	24	0	
19:40:46	2956	2668	3150	183	0	0	0	0	0	0	0	2962	2750	2668	2506	4081	2306	3	0	1	203	178	1535	126	24	0	
19:40:47	2956	2662	3150	183	0	0	0	0	0	0	0	2962	2750	2668	2506	4081	2306	3	0	1	203	178	1673	12	25	0	
19:40:48	2956	2668	3150	183	0	0	0	0	0	0	0	2962	2750	2668	2506	4081	2306	3	0	1	203	178	1631	30	25	0	
19:40:49	2956	2668	3150	184	0	0	0	0	0	0	0	2962	2750	2668	2506	4081	2306	3	0	1	203	178	1683	22	26	0	
19:40:50	2956	2662	3150	183	0	0	0	0	0	0	0	2962	2750	2668	2506	4081	2306	3	0	1	203	178	1607	54	28	0	
19:40:51	2956	2668	3150	184	0	0	0	0	0	0	0	2962	2750	2668	2506	4081	2306	3	0	1	203	178	1630	31	28	0	
19:40:52	2956	2668	3150	184	0	0	0	0	0	0	0	2962	2750	2668	2506	4081	2306	3	0	1	203	178	1999	338	28	0	
19:40:53	2956	2662	3143	183	0	0	0	0	0	0	0	2962	2750	2668	2506	4081	2306	3	0	1	203	178	1622	39	28	0	
19:40:54	2956	2662	3143	183	0	0	0	0	0	0	0	2962	2750	2668	2506	4081	2306	3	0	1	203	178	1642	19	29	0	
19:40:55	2956	2662	3143	184	0	0	0	0	0	0	0	2962	2750	2668	2506	4081	2306	3	0	1	203	178	1577	84	29	0	
19:40:56	2956	2662	3143	183	0	0	0	0	0	0	0	2962	2750	2668	2506	4081	2306	3	0	1	203	178	1797	136	32	0	
19:40:57	2956	2662	3143	183	0	0	0	0	0	0	0	2962	2750	2668	2506	4081	2306	3	0	1	203	178	1657	4	33	0	
19:40:58	2956	2668	3143	183	0	0	0	0	0	0	0	2962	2750	2668	2506	4081	2306	3	0	1	203	178	1895	234	33	0	
19:40:59	2956	2662	3143	183	0	0	0	0	0	0	0	2962	2750	2668	2506	4081	2306	3	0	1	203	178	1619	42	33	0	
19:41:00	2956	2668	3143	182	0	0	0	0	0	0	0	2962	2750	2668	2506	4081	2306	3	0	1	203	178	1595	66	34	0	
19:41:01	2956	2662	3137	185	0	0	0	0	0	0	0	2962	2750	2668	2506	4081	2306	3	0	1	203	178	1657	4	35	0	
19:41:03	2956	2668	3137	184	0	0	0	0	0	0	0	2962	2750	2668	2506	4081	2306	3	0	1	203	178	1854	193	36	0	
19:41:04	2956	2662	3137	185	0	0	0	0	0	0	0	2962	2750	2668	2506	4081	2306	3	0	1	203	178	1632	29	38	0	
19:41:05	2956	2668	3137	183	0	0	0	0	0	0	0	2962	2750	2668	2506	4081	2306	3	0	1	203	178	0	1661	39	1	
19:41:06	2962	2662	3137	183	0	0	0	0	0	0	0	2962	2750	2668	2506	4081	2306	3	0	1	203	178	1654	7	39	0	
19:41:07	2956	2662	3137	183	0	0	0	0	0	0	0	2962	2750	2668	2506	4081	2306	3	0	1	203	178	1498	163	39	0	
19:41:08	2956	2668	3137	184	0	0	0	0	0	0	0	2962	2750	2668	2506	4081	2306	3	0	1	203	178	1535	126	39	0	
19:41:09	2956	2662	3137	183	0	0	0	0	0	0	0	2962	2750	2668	2506	4081	2306	3	0	1	203	178	1648	13	39	0	
19:41:10	2956	2668	3137	183	0	0	0	0	0	0	0	2962	2750	2668	2506	4081	2306	3	0	1	203	178	1018	643	40	0	
19:41:11	2956	2668	3131	183	0	0	0	0	0	0	0	2962	2750	2668	2506	4081	2306	3	0	1	203	178	1718	57	41	0	
19:41:12	2956	2662	3131	184	0	0	0	0	0	0	0	2962	2750	2668	2506	4081	2306	3	0	1	203	178	1469	192	41	0	
19:41:13	2956	2662	3131	184	0	0	0	0	0	0	0	2962	2750	2668	2506	4081	2306	3	0	1	203	178	1653	8	41	0	
19:41:14	2956	2668	3131	184	0	0	0	0	0	0	0	2962	2750	2668	2506	4081	2306	3	0	1	203	178	1731	70	41	0	
19:41:15	2956	2662	3131	184	0	0	0	0	0	0	0	2962	2750	2668	2506	4081	2306	3	0	1	203	178	1699	38	41	0	
19:41:16	2956	2662	3131	183	0	0	0	0	0	0	0	2962	2750	2668	2506	4081	2306	3	0	1	203	178	1841	180	44	0	
19:41:17	2956	2662	3131	183	0	0	0	0	0	0	0	2962	2750	2668	2506	4081	2306	3	0	1	203	178	2531	870	47	0	
19:41:18	2956	2668	3131	183	0	0	0	0	0	0	0	2962	2750	2668	2506	4081	2306	3	0	1	203	178	1671	10	47	0	
19:41:19	2956	2662	3131	184	0	0	0	0	0	0	0	2962	2750	2668	2506	4081	2306	3	0	1	203	178	1584	77	48	0	
19:41:20	2956	2668	3131	185	0	0	0	0	0	0	0	2962	2750	2668	2506	4081	2306	3	0	1	203	178	1637	24	49	0	
19:41:21	2956	2668	3131	184	0	0	0	0	0	0	0	2962	2750	2668	2506	4081	2306	3	0	1	203	178	1687	26	50	0	
19:41:22	2956	2662	3131	183	0	0	0	0	0	0	0	2962	2750	2668	2506	4081	2306	3	0	1	203	178	1798	137	51	0	
19:41:23	2962	2662	3125	183	0	0	0	0	0	0	0	2962	2750	2668	2506	4081	2306	3	0	1	203	178	482	1179	51	0	
19:41:24	2956	2668	3125	182	0	0	0	0	0	0	0	2962	2750	2668	2506	4081	2306	3	0	1	203	178	1535	126	51	0	
19:41:25	2956	2662	3125	184	0	0	0	0	0	0	0	2962	2750	2668	2506	4081	2306	3	0	1	203	178	1506	155	51	0	
19:41:26	2956	2662	3125	183	0	0	0	0	0	0	0	2962	2750	2668	2506	4081	2306	3	0	1	203	178	0	1661	51	1	
19:41:27	2956	2668	3125	182	0	0	0	0	0	0	0	2962	2750	2668	2506	4081	2306	3	0	1	203	178	1628	33	51	0	
19:41:28	2956	2662	3125	183	0	0	0	0	0	0	0	2962	2750	2668	2506	4081	2306	3	0	1	203	178	1645	16	51	0	
19:41:29	2956	2668	3125	183	0	0	0	0	0	0	0	2962	2750	2668	2506	4081	2306	3	0	1	203	178	1495	166	51	0	
19:41:30	2956	2662	3125	183	0	0	0	0	0	0	0	2962	2750	2668	2506	4081	2306	3	0	1	203	178	1709	48	51	0	
19:41:31	2956	2662	3118	184	0	0	0	0	0	0	0	2962	2750	2668	2506	4081	2306	3	0	1	203	178	34	1627	53	0	
19:41:33	2956	2662	3125	183	0	0	0	0	0	0	0	2962	2750	2668	2506	4081	2306	3	0	1	203	178	2001	340	55	0	
19:41:34	2956	2662	3118	184	0	0	0	0	0	0	0	2962	2750	2668	2506	4081	2306	3	0	1	203	178	320	1341	56	0	
19:41:35	2956	2662	3125	183	0	0	0	0	0	0	0	2962	2750	2668	2506	4081	2306	3	0	1	203	178	1654	7	57	0	
19:41:36	2956	2668	3118	182	0	0	0	0	0	0	0	2962	2750	2668	2506	4081	2306	3	0	1	203	178	1498	163	58	0	
19:41:37	2956	2662	3118	183	0	0	0	0	0	0	0	2962	2750	2668	2506	4081	2306	3	0	1	203	178	1822	161	59	0	
19:41:38	2956	2668	3118	183	0	0	0	0	0	0	0	2962	2750	2668	2506	4081	2306	3	0	1	203	178	1683	22	60	0	
19:41:39	2956	2662	3118	184	0	0	0	0	0	0	0	2962	2750	2668	2506	4081	2306	3	0	1	203	178	1021	640	60	0	
19:41:40	2956	2662	3118	182	0	0	0	0	0	0	0	2962	2750	2668	2506	4081	2306	3	0	1	203	178	1649	12	60	0	
19:41:41	2956	2668	3118	182	0	0	0	0	0	0	0	2962	2750	2668	2506	4081	2306	3	0	1	203	178	1642	19	62	0	
19:41:42	2956	2668	3118	183	0	0	0	0	0	0	0	2962	2750	2668	2506	4081	2306	3	0	1	203	178	1594	67	63	0	
19:41:43	2956	2668	3118	182	0	0	0	0	0	0	0	2962	2750	2668	2506	4081	2306	3	0	1	203	178	1648	13	64	0	
19:41:44	2956	2668	3118	183	0	0	0	0	0	0	0	2962	2750	2668	2506	4081	2306	3	0	1	203	178	1616	45	65	0	
19:41:45	2956	2662	3112	183	0	0	0	0	0	0	0	2962	2750	2668	2506	4081	2306	3	0	1	203	178	1113	548	65	0	
19:41:46	2956	2668	3112	184	0	0	0	0	0	0	0	2962	2750	2668	2506	4081	2306	3	0	1	203	178	1571	90	65	0	
19:41:47	2956	2668	3112	184	0	0	0	0	0	0	0	2962	2750	2668	2506	4081	2306	3	0	1	203	178	0	1661	66	1	
19:41:48	2956	2662	3112	184	0	0	0	0	0	0	0	2962	2750	2668	2506	4081	2306	3	0	1	203	178	1623	38	66	0	
19:41:49	2956	2662	3112	183	0	0	0	0	0	0	0	2962	2750	2668	2506	4081	2306	3	0	1	203	178	1665	4	66	0	
19:41:50	2956	2662	3112	183	0	0	0	0	0	0	0	2962	2750	2668	2506	4081	2306	3	0	1	203	178	1600	61	67	0	
19:41:51	2962	2662	3112	184	0	0	0	0	0	0	0	2962	2750	2668	2506	4081	2306	3	0	1	203	178	1383	278	68	0	
19:41:52	2956	2662	3112	183	0	0	0	0	0	0	0	2962	2750	2668	2506	4081	2306	3	0	1	203	178	1653	8	69	0	
19:41:53	2956	2668	3106	183	0	0	0	0	0	0	0	2962	2750	2668	2506	4081	2306	3	0	1	203	178	1898	237	70	0	
19:41:54	2956	2662	3106	183	0	0	0	0	0	0	0	2962	2750	2668	2506	4081	2306	3	0	1	203	178	429	1232	70	0	
19:41:55	2956	2662	3106	183	0	0	0	0	0	0	0	2962	2750	2668	2506	4081	2306	3	0	1	203	178	1605	56	70	0	
19:41:56	2956	2668	3106	183	0	0	0	0	0	0	0	2962	2750	2668	2506	4081	2306	3	0	1	203	178	1695	34	70	0	
19:41:57	2956	2662	3106	184	0	0	0	0	0	0	0	2962	2750	2668	2506	4081	2306	3	0	1	203	178	1774	113	70	0	
19:41:58	2956	2668	3106	183	0	0	0	0	0	0	0	2962	2750	2668	2506	4081	2306	3	0	1	203	178	1799	138	70	0	
19:42:00	2956	2662	3106	184	0	0	0	0	0	0	0	2962	2750	2668	2506	4081	2306	3	0	1	203	178	1629	32	70	0	
19:42:01	2956	2662	3100	183	0	0	0	0	0	0	0	2962	2750	2668	2506	4081	2306	3	0	1	203	178	1825	164	70	0	
19:42:02	2956	2668	3106	184	0	0	0	0	0	0	0	2962	2750	2668	2506	4081	2306	3	0	1	203	178	1854	193	70	0	
19:42:03	2962	2662	3100	183	0	0	0	0	0	0	0	2962	2750	2668	2506	4081	2306	3	0	1	203	178	1072	589	70	0	
19:42:04	2956	2668	3100	183	0	0	0	0	0	0	0	2962	2750	2668	2506	4081	2306	3	0	1	203	178	1621	40	70	0	
19:42:05	2956	2668	3100	184	0	0	0	0	0	0	0	2962	2750	2668	2506	4081	2306	3	0	1	203	178	1509	152	71	0	
19:42:06	2956	2668	3100	183	0	0	0	0	0	0	0	2962	2750	2668	2506	4081	2306	3	0	1	203	178	1763	102	72	0	
19:42:07	2956	2668	3100	184	0	0	0	0	0	0	0	2962	2750	2668	2506	4081	2306	3	0	1	203	178	1040	621	73	0	
19:42:08	2956	2668	3100	184	0	0	0	0	0	0	0	2962	2750	2668	2506	4081	2306	3	0	1	203	178	1565	96	74	0	
19:42:09	2956	2668	3100	184	0	0	0	0	0	0	0	2962	2750	2668	2506	4081	2306	3	0	1	203	178	0	1661	74	1	
19:42:10	2956	2662	3100	183	0	0	0	0	0	0	0	2962	2750	2668	2506	4081	2306	3	0	1	203	178	1648	13	74	0	
19:42:11	2956	2668	3100	183	0	0	0	0	0	0	0	2962	2750	2668	2506	4081	2306	3	0	1	203	178	1698	37	75	0	
19:42:12	2956	2668	3100	183	0	0	0	0	0	0	0	2962	2750	2668	2506	4081	2306	3	0	1	203	178	1645	16	75	0	
19:42:13	2956	2668	3100	182	0	0	0	0	0	0	0	2962	2750	2668	2506	4081	2306	3	0	1	203	178	1702	41	76	0	
19:42:14	2956	2662	3100	182	0	0	0	0	0	0	0	2962	2750	2668	2506	4081	2306	3	0	1	203	178	1810	149	77	0	
19:42:15	2956	2662	3100	184	0	0	0	0	0	0	0	2962	2750	2668	2506	4081	2306	3	0	1	203	178	1617	44	78	0	
19:42:16	2956	2662	3093	183	0	0	0	0	0	0	0	2962	2750	2668	2506	4081	2306	3	0	1	203	178	1845	184	80	0	
19:42:17	2956	2662	3093	185	0	0	0	0	0	0	0	2962	2750	2668	2506	4081	2306	3	0	1	203	178	1712	51	81	0	
19:42:19	2956	2668	3100	183	0	0	0	0	0	0	0	2962	2750	2668	2506	4081	2306	3	0	1	203	178	1668	7	81	0	
19:42:20	2956	2662	3093	183	0	0	0	0	0	0	0	2962	2750	2668	2506	4081	2306	3	0	1	203	178	2256	595	81	0	
19:42:21	2956	2662	3093	183	0	0	0	0	0	0	0	2962	2750	2668	2506	4081	2306	3	0	1	203	178	1660	1	81	0	
19:42:22	2956	2662	3093	183	0	0	0	0	0	0	0	2962	2750	2668	2506	4081	2306	3	0	1	203	178	1676	15	81	0	
19:42:23	2956	2668	3093	183	0	0	0	0	0	0	0	2962	2750	2668	2506	4081	2306	3	0	1	203	178	1749	88	82	0	
19:42:24	2956	2668	3093	183	0	0	0	0	0	0	0	2962	2750	2668	2506	4081	2306	3	0	1	203	178	1603	58	82	0	
19:42:25	2956	2662	3093	182	0	0	0	0	0	0	0	2962	2750	2668	2506	4081	2306	3	0	1	203	178	1822	161	82	0	
19:42:26	2956	2668	3087	183	0	0	0	0	0	0	0	2962	2750	2668	2506	4081	2306	3	0	1	203	178	2559	898	82	0	
19:42:27	2956	2668	3087	184	0	0	0	0	0	0	0	2962	2750	2668	2506	4081	2306	3	0	1	203	178	0	1661	83	1	
19:42:28	2956	2662	3087	184	0	0	0	0	0	0	0	2962	2750	2668	2506	4081	2306	3	0	1	203	178	1526	135	84	0	
19:42:29	2956	2668	3087	183	0	0	0	0	0	0	0	2962	2750	2668	2506	4081	2306	3	0	1	203	178	1799	138	84	0	
19:42:30	2956	2662	3087	182	0	0	0	0	0	0	0	2962	2750	2668	2506	4081	2306	3	0	1	203	178	391	1270	85	0	
19:42:31	2956	2662	3087	183	0	0	0	0	0	0	0	2962	2750	2668	2506	4081	2306	3	0	1	203	178	1827	166	85	0	
19:42:32	2956	2662	3087	184	0	0	0	0	0	0	0	2962	2750	2668	2506	4081	2306	3	0	1	203	178	2039	378	86	0	
19:42:33	2956	2662	3087	184	0	0	0	0	0	0	0	2962	2750	2668	2506	4081	2306	3	0	1	203	178	1697	36	86	0	
19:42:34	2956	2668	3081	182	0	0	0	0	0	0	0	2962	2750	2668	2506	4081	2306	3	0	1	203	178	1866	205	86	0	
19:42:35	2956	2668	3087	184	0	0	0	0	0	0	0	2962	2750	2668	2506	4081	2306	3	0	1	203	178	759	902	86	0	
19:42:36	2956	2668	3081	183	0	0	0	0	0	0	0	2962	2750	2668	2506	4081	2306	3	0	1	203	178	1718	57	86	0	
19:42:37	2956	2662	3081	184	0	0	0	0	0	0	0	2962	2750	2668	2506	4081	2306	3	0	1	203	178	0	1661	86	1	
19:42:38	2956	2662	3081	182	0	0	0	0	0	0	0	2962	2750	2668	2506	4081	2306	3	0	1	203	178	1855	194	86	0	
19:42:39	2956	2662	3081	183	0	0	0	0	0	0	0	2962	2750	2668	2506	4081	2306	3	0	1	203	178	1789	128	88	0	
19:42:40	2956	2668	3081	182	0	0	0	0	0	0	0	2962	2750	2668	2506	4081	2306	3	0	1	203	178	1808	147	89	0	
19:42:41	2956	2662	3081	183	0	0	0	0	0	0	0	2962	2750	2668	2506	4081	2306	3	0	1	203	178	2539	878	89	0	
19:42:42	2956	2662	3081	183	0	0	0	0	0	0	0	2962	2750	2668	2506	4081	2306	3	0	1	203	178	803	858	89	0	
19:42:43	2956	2662	3075	184	0	0	0	0	0	0	0	2962	2750	2668	2506	4081	2306	3	0	1	203	178	1639	22	89	0	
19:42:44	2956	2668	3075	183	0	0	0	0	0	0	0	2962	2750	2668	2506	4081	2306	3	0	1	203	178	1615	46	91	0	
19:42:45	2956	2662	3075	182	0	0	0	0	0	0	0	2962	2750	2668	2506	4081	2306	3	0	1	203	178	1535	126	91	0	
19:42:47	2956	2662	3075	183	0	0	0	0	0	0	0	2962	2750	2668	2506	4081	2306	3	0	1	203	178	1686	25	92	0	
19:42:48	2956	2662	3075	183	0	0	0	0	0	0	0	2962	2750	2668	2506	4081	2306	3	0	1	203	178	0	1661	92	1	
19:42:49	2956	2662	3075	183	0	0	0	0	0	0	0	2962	2750	2668	2506	4081	2306	3	0	1	203	178	1613	48	92	0	
19:42:50	2962	2662	3068	184	0	0	0	0	0	0	0	2962	2750	2668	2506	4081	2306	3	0	1	203	178	1642	19	92	0	
19:42:51	2956	2662	3068	184	0	0	0	0	0	0	0	2962	2750	2668	2506	4081	2306	3	0	1	203	178	0	1661	92	1	
19:42:52	2956	2662	3068	184	0	0	0	0	0	0	0	2962	2750	2668	2506	4081	2306	3	0	1	203	178	1477	184	92	0	
19:42:53	2956	2662	3068	184	0	0	0	0	0	0	0	2962	2750	2668	2506	4081	2306	3	0	1	203	178	1649	12	93	0	
19:42:54	2956	2668	3068	184	0	0	0	0	0	0	0	2962	2750	2668	2506	4081	2306	3	0	1	203	178	1397	264	93	0	
19:42:55	2956	2668	3068	184	0	0	0	0	0	0	0	2962	2750	2668	2506	4081	2306	3	0	1	203	178	2194	533	94	0	
19:42:56	2956	2662	3068	184	0	0	0	0	0	0	0	2962	2750	2668	2506	4081	2306	3	0	1	203	178	781	880	95	0	
19:42:57	2956	2662	3068	183	0	0	0	0	0	0	0	2962	2750	2668	2506	4081	2306	3	0	1	203	178	1678	17	96	0	
19:42:58	2956	2662	3068	183	0	0	0	0	0	0	0	2962	2750	2668	2506	4081	2306	3	0	1	203	178	1503	158	98	0	
19:42:59	2956	2662	3068	184	0	0	0	0	0	0	0	2962	2750	2668	2506	4081	2306	3	0	1	203	178	1840	179	99	0	
19:43:00	2956	2668	3068	185	0	0	0	0	0	0	0	2962	2750	2668	2506	4081	2306	3	0	1	203	178	1767	106	101	0	
19:43:01	2956	2662	3068	183	0	0	0	0	0	0	0	2962	2750	2668	2506	4081	2306	3	0	1	203	178	1664	3	102	0	
19:43:02	2956	2662	3068	182	0	0	0	0	0	0	0	2962	2750	2668	2506	4081	2306	3	0	1	203	178	1763	102	103	0	
19:43:03	2956	2668	3062	182	0	0	0	0	0	0	0	2962	2750	2668	2506	4081	2306	3	0	1	203	178	670	991	103	0	
19:43:04	2956	2662	3068	182	0	0	0	0	0	0	0	2962	2750	2668	2506	4081	2306	3	0	1	203	178	1627	34	104	0	
19:43:05	2956	2668	3062	183	0	0	0	0	0	0	0	2962	2750	2668	2506	4081	2306	3	0	1	203	178	1670	9	105	0	
19:43:06	2956	2662	3062	183	0	0	0	0	0	0	0	2962	2750	2668	2506	4081	2306	3	0	1	203	178	1846	185	105	0	
19:43:07	2956	2668	3062	184	0	0	0	0	0	0	0	2962	2750	2668	2506	4081	2306	3	0	1	203	178	1600	61	106	0	
19:43:08	2956	2668	3062	183	0	0	0	0	0	0	0	2962	2750	2668	2506	4081	2306	3	0	1	203	178	1703	42	106	0	
19:43:09	2956	2668	3062	184	0	0	0	0	0	0	0	2962	2750	2668	2506	4081	2306	3	0	1	203	178	457	1204	106	0	
19:43:10	2956	2662	3062	184	0	0	0	0	0	0	0	2962	2750	2668	2506	4081	2306	3	0	1	203	178	1611	50	107	0	
19:43:11	2956	2662	3062	184	0	0	0	0	0	0	0	2962	2750	2668	2506	4081	2306	3	0	1	203	178	0	1661	107	1	
19:43:12	2956	2662	3062	183	0	0	0	0	0	0	0	2962	2750	2668	2506	4081	2306	3	0	1	203	178	1555	106	108	0	
19:43:14	2956	2668	3062	184	0	0	0	0	0	0	0	2962	2750	2668	2506	4081	2306	3	0	1	203	178	1648	13	108	0	
19:43:15	2956	2668	3062	184	0	0	0	0	0	0	0	2962	2750	2668	2506	4081	2306	3	0	1	203	178	698	963	108	0	
19:43:16	2956	2662	3056	184	0	0	0	0	0	0	0	2962	2750	2668	2506	4081	2306	3	0	1	203	178	1655	6	109	0	
19:43:17	2956	2668	3056	183	0	0	0	0	0	0	0	2962	2750	2668	2506	4081	2306	3	0	1	203	178	669	992	109	0	
19:43:18	2956	2668	3056	183	0	0	0	0	0	0	0	2962	2750	2668	2506	4081	2306	3	0	1	203	178	1530	131	109	0	
19:43:19	2956	2668	3056	184	0	0	0	0	0	0	0	2962	2750	2668	2506	4081	2306	3	0	1	203	178	1568	93	111	0	
19:43:20	2956	2662	3056	184	0	0	0	0	0	0	0	2962	2750	2668	2506	4081	2306	3	0	1	203	178	1855	194	112	0	
19:43:21	2956	2662	3050	182	0	0	0	0	0	0	0	2962	2750	2668	2506	4081	2306	3	0	1	203	178	1963	302	112	0	
19:43:22	2956	2668	3050	184	0	0	0	0	0	0	0	2962	2750	2668	2506	4081	2306	3	0	1	203	178	1354	307	112	0	
19:43:23	2956	2662	3050	182	0	0	0	0	0	0	0	2962	2750	2668	2506	4081	2306	3	0	1	203	178	1628	33	113	0	
19:43:24	2956	2662	3050	184	0	0	0	0	0	0	0	2962	2750	2668	2506	4081	2306	3	0	1	203	178	2386	725	115	0	
19:43:25	2956	2668	3050	184	0	0	0	0	0	0	0	2962	2750	2668	2506	4081	2306	3	0	1	203	178	1605	56	116	0	
19:43:26	2956	2662	3050	184	0	0	0	0	0	0	0	2962	2750	2668	2506	4081	2306	3	0	1	203	178	1677	16	116	0	
19:43:27	2956	2668	3050	183	0	0	0	0	0	0	0	2962	2750	2668	2506	4081	2306	3	0	1	203	178	1508	153	118	0	
19:43:28	2956	2662	3050	183	0	0	0	0	0	0	0	2962	2750	2668	2506	4081	2306	3	0	1	203	178	1695	34	118	0	
19:43:29	2956	2662	3050	184	0	0	0	0	0	0	0	2962	2750	2668	2506	4081	2306	3	0	1	203	178	1780	119	118	0	
19:43:30	2956	2662	3050	182	0	0	0	0	0	0	0	2962	2750	2668	2506	4081	2306	3	0	1	203	178	1889	228	119	0	
19:43:31	2956	2668	3050	183	0	0	0	0	0	0	0	2962	2750	2668	2506	4081	2306	3	0	1	203	178	0	1661	121	1	
19:43:32	2956	2662	3050	183	0	0	0	0	0	0	0	2962	2750	2668	2506	4081	2306	3	0	1	203	178	1686	25	122	0	
19:43:33	2962	2668	3043	185	0	0	0	0	0	0	0	2962	2750	2668	2506	4081	2306	3	0	1	203	178	0	1661	123	1	
19:43:34	2956	2662	3043	183	0	0	0	0	0	0	0	2962	2750	2668	2506	4081	2306	3	0	1	203	178	1651	10	123	0	
19:43:35	2956	2662	3043	184	0	0	0	0	0	0	0	2962	2750	2668	2506	4081	2306	3	0	1	203	178	1745	84	123	0	
19:43:36	2956	2662	3043	183	0	0	0	0	0	0	0	2962	2750	2668	2506	4081	2306	3	0	1	203	178	1901	240	124	0	
19:43:37	2956	2668	3043	183	0	0	0	0	0	0	0	2962	2750	2668	2506	4081	2306	3	0	1	203	178	1636	25	125	0	
19:43:38	2956	2662	3043	184	0	0	0	0	0	0	0	2962	2750	2668	2506	4081	2306	3	0	1	203	178	0	1661	126	1	
19:43:39	2956	2662	3043	184	0	0	0	0	0	0	0	2962	2750	2668	2506	4081	2306	3	0	1	203	178	1649	12	127	0	
19:43:40	2956	2662	3043	183	0	0	0	0	0	0	0	2962	2750	2668	2506	4081	2306	3	0	1	203	178	1059	602	128	0	
19:43:42	2956	2662	3043	183	0	0	0	0	0	0	0	2962	2750	2668	2506	4081	2306	3	0	1	203	178	1649	12	128	0	
19:43:43	2956	2668	3037	183	0	0	0	0	0	0	0	2962	2750	2668	2506	4081	2306	3	0	1	203	178	1524	137	128	0	
19:43:44	2956	2668	3037	183	0	0	0	0	0	0	0	2962	2750	2668	2506	4081	2306	3	0	1	203	178	822	839	128	0	
19:43:45	2956	2668	3037	183	0	0	0	0	0	0	0	2962	2750	2668	2506	4081	2306	3	0	1	203	178	1639	22	128	0	
19:43:46	2956	2668	3037	183	0	0	0	0	0	0	0	2962	2750	2668	2506	4081	2306	3	0	1	203	178	1532	129	129	0	
19:43:47	2956	2662	3037	183	0	0	0	0	0	0	0	2962	2750	2668	2506	4081	2306	3	0	1	203	178	1648	13	129	0	
19:43:48	2956	2662	3037	183	0	0	0	0	0	0	0	2962	2750	2668	2506	4081	2306	3	0	1	203	178	1583	78	131	0	
19:43:49	2956	2662	3037	183	0	0	0	0	0	0	0	2962	2750	2668	2506	4081	2306	3	0	1	203	178	1749	88	131	0	
19:43:50	2956	2668	3037	184	0	0	0	0	0	0	0	2962	2750	2668	2506	4081	2306	3	0	1	203	178	1766	105	131	0	
19:43:51	2956	2662	3037	184	0	0	0	0	0	0	0	2962	2750	2668	2506	4081	2306	3	0	1	203	178	1575	86	131	0	
19:43:52	2956	2662	3037	183	0	0	0	0	0	0	0	2962	2750	2668	2506	4081	2306	3	0	1	203	178	630	1031	131	0	
19:43:53	2956	2662	3037	184	0	0	0	0	0	0	0	2962	2750	2668	2506	4081	2306	3	0	1	203	178	1683	22	132	0	
19:43:54	2956	2662	3037	184	0	0	0	0	0	0	0	2962	2750	2668	2506	4081	2306	3	0	1	203	178	0	1661	133	1	
19:43:55	2956	2662	3031	183	0	0	0	0	0	0	0	2962	2750	2668	2506	4081	2306	3	0	1	203	178	1773	112	134	0	
19:43:56	2956	2668	3031	183	0	0	0	0	0	0	0	2962	2750	2668	2506	4081	2306	3	0	1	203	178	1840	179	136	0	
19:43:57	2956	2662	3031	183	0	0	0	0	0	0	0	2962	2750	2668	2506	4081	2306	3	0	1	203	178	1695	34	136	0	
19:43:58	2956	2662	3031	182	0	0	0	0	0	0	0	2962	2750	2668	2506	4081	2306	3	0	1	203	178	1864	203	136	0	
19:43:59	2956	2668	3031	184	0	0	0	0	0	0	0	2962	2750	2668	2506	4081	2306	3	0	1	203	178	2087	426	137	0	
19:44:00	2956	2668	3031	182	0	0	0	0	0	0	0	2962	2750	2668	2506	4081	2306	3	0	1	203	178	1300	361	137	0	
19:44:01	2956	2662	3031	184	0	0	0	0	0	0	0	2962	2750	2668	2506	4081	2306	3	0	1	203	178	1685	24	139	0	
19:44:02	2956	2668	3031	183	0	0	0	0	0	0	0	2962	2750	2668	2506	4081	2306	3	0	1	203	178	0	1661	142	1	
19:44:03	2956	2662	3031	183	0	0	0	0	0	0	0	2962	2750	2668	2506	4081	2306	3	0	1	203	178	1535	126	144	0	
19:44:04	2956	2662	3031	182	0	0	0	0	0	0	0	2962	2750	2668	2506	4081	2306	3	0	1	203	178	1776	115	145	0	
19:44:05	2956	2662	3031	183	0	0	0	0	0	0	0	2962	2750	2668	2506	4081	2306	3	0	1	203	178	1610	51	145	0	
19:44:06	2956	2662	3031	184	0	0	0	0	0	0	0	2962	2750	2668	2506	4081	2306	3	0	1	203	178	1657	4	146	0	
19:44:07	2956	2668	3031	183	0	0	0	0	0	0	0	2962	2750	2668	2506	4081	2306	3	0	1	203	178	1469	192	146	0	
19:44:08	2956	2668	3031	184	0	0	0	0	0	0	0	2962	2750	2668	2506	4081	2306	3	0	1	203	178	1847	186	147	0	
19:44:09	2956	2662	3025	184	0	0	0	0	0	0	0	2962	2750	2668	2506	4081	2306	3	0	1	203	178	1837	176	148	0	
19:44:11	2956	2662	3025	183	0	0	0	0	0	0	0	2962	2750	2668	2506	4081	2306	3	0	1	203	178	1680	19	148	0	
19:44:12	2956	2662	3025	182	0	0	0	0	0	0	0	2962	2750	2668	2506	4081	2306	3	0	1	203	178	1527	134	149	0	
19:44:13	2956	2662	3025	183	0	0	0	0	0	0	0	2962	2750	2668	2506	4081	2306	3	0	1	203	178	675	986	149	0	
19:44:14	2956	2668	3025	182	0	0	0	0	0	0	0	2962	2750	2668	2506	4081	2306	3	0	1	203	178	1155	506	149	0	
19:44:15	2956	2662	3025	184	0	0	0	0	0	0	0	2962	2750	2668	2506	4081	2306	3	0	1	203	178	1744	83	149	0	
19:44:16	2956	2662	3025	183	0	0	0	0	0	0	0	2962	2750	2668	2506	4081	2306	3	0	1	203	178	0	1661	149	1	
19:44:17	2956	2662	3025	182	0	0	0	0	0	0	0	2962	2750	2668	2506	4081	2306	3	0	1	203	178	1610	51	150	0	
19:44:18	2956	2668	3025	183	0	0	0	0	0	0	0	2962	2750	2668	2506	4081	2306	3	0	1	203	178	1395	266	151	0	
19:44:19	2956	2668	3025	184	0	0	0	0	0	0	0	2962	2750	2668	2506	4081	2306	3	0	1	203	178	1696	35	151	0	
19:44:20	2956	2668	3025	184	0	0	0	0	0	0	0	2962	2750	2668	2506	4081	2306	3	0	1	203	178	1666	5	153	0	
19:44:21	2956	2662	3025	183	0	0	0	0	0	0	0	2962	2750	2668	2506	4081	2306	3	0	1	203	178	1287	374	153	0	
19:44:22	2956	2662	3025	183	0	0	0	0	0	0	0	2962	2750	2668	2506	4081	2306	3	0	1	203	178	1616	45	154	0	
19:44:23	2956	2662	3018	184	0	0	0	0	0	0	0	2962	2750	2668	2506	4081	2306	3	0	1	203	178	1721	60	154	0	
19:44:24	2956	2662	3018	182	0	0	0	0	0	0	0	2962	2750	2668	2506	4081	2306	3	0	1	203	178	305	1356	154	0	
19:44:25	2956	2668	3018	183	0	0	0	0	0	0	0	2962	2750	2668	2506	4081	2306	3	0	1	203	178	1488	173	155	0	
19:44:26	2956	2668	3018	184	0	0	0	0	0	0	0	2962	2750	2668	2506	4081	2306	3	0	1	203	178	1631	30	156	0	
19:44:27	2956	2662	3018	184	0	0	0	0	0	0	0	2962	2750	2668	2506	4081	2306	3	0	1	203	178	1503	158	157	0	
19:44:28	2956	2668	3018	183	0	0	0	0	0	0	0	2962	2750	2668	2506	4081	2306	3	0	1	203	178	2154	493	157	0	
19:44:29	2956	2662	3018	182	0	0	0	0	0	0	0	2962	2750	2668	2506	4081	2306	3	0	1	203	178	1633	28	157	0	
19:44:30	2956	2662	3018	184	0	0	0	0	0	0	0	2962	2750	2668	2506	4081	2306	3	0	1	203	178	307	1354	158	0	
19:44:31	2956	2668	3018	182	0	0	0	0	0	0	0	2962	2750	2668	2506	4081	2306	3	0	1	203	178	1511	150	158	0	
19:44:32	2956	2662	3018	183	0	0	0	0	0	0	0	2962	2750	2668	2506	4081	2306	3	0	1	203	178	1535	126	158	0	
19:44:33	2956	2662	3018	182	0	0	0	0	0	0	0	2962	2750	2668	2506	4081	2306	3	0	1	203	178	1761	100	159	0	
19:44:34	2956	2662	3012	184	0	0	0	0	0	0	0	2962	2750	2668	2506	4081	2306	3	0	1	203	178	2691	1030	160	0	
19:44:35	2956	2662	3012	184	0	0	0	0	0	0	0	2962	2750	2668	2506	4081	2306	3	0	1	203	178	839	822	160	0	
19:44:36	2956	2662	3012	183	0	0	0	0	0	0	0	2962	2750	2668	2506	4081	2306	3	0	1	203	178	905	756	161	0	
19:44:37	2956	2668	3012	184	0	0	0	0	0	0	0	2962	2750	2668	2506	4081	2306	3	0	1	203	178	1625	36	161	0	
19:44:38	2956	2662	3012	182	0	0	0	0	0	0	0	2962	2750	2668	2506	4081	2306	3	0	1	203	178	2059	398	161	0	
19:44:39	2956	2662	3012	183	0	0	0	0	0	0	0	2962	2750	2668	2506	4081	2306	3	0	1	203	178	1712	51	162	0	
19:44:40	2956	2662	3012	183	0	0	0	0	0	0	0	2962	2750	2668	2506	4081	2306	3	0	1	203	178	1840	179	162	0	
19:44:41	2956	2662	3012	183	0	0	0	0	0	0	0	2962	2750	2668	2506	4081	2306	3	0	1	203	178	1939	278	164	0	
19:44:42	2956	2668	3012	183	0	0	0	0	0	0	0	2962	2750	2668	2506	4081	2306	3	0	1	203	178	1701	40	165	0	
19:44:43	2956	2662	3012	184	0	0	0	0	0	0	0	2962	2750	2668	2506	4081	2306	3	0	1	203	178	1751	90	166	0	
19:44:45	2956	2662	3006	184	0	0	0	0	0	0	0	2962	2750	2668	2506	4081	2306	3	0	1	203	178	1267	394	167	0	
19:44:46	2956	2668	3006	183	0	0	0	0	0	0	0	2962	2750	2668	2506	4081	2306	3	0	1	203	178	1616	45	167	0	
19:44:47	2956	2662	3006	182	0	0	0	0	0	0	0	2962	2750	2668	2506	4081	2306	3	0	1	203	178	1601	60	168	0	
19:44:48	2956	2662	3006	183	0	0	0	0	0	0	0	2962	2750	2668	2506	4081	2306	3	0	1	203	178	1568	93	168	0	
19:44:49	2956	2662	3006	184	0	0	0	0	0	0	0	2962	2750	2668	2506	4081	2306	3	0	1	203	178	2189	528	168	0	
19:44:50	2956	2662	3006	183	0	0	0	0	0	0	0	2962	2750	2668	2506	4081	2306	3	0	1	203	178	1648	13	168	0	
19:44:51	2956	2662	3006	183	0	0	0	0	0	0	0	2962	2750	2668	2506	4081	2306	3	0	1	203	178	1775	114	169	0	
19:44:52	2956	2662	3000	183	0	0	0	0	0	0	0	2962	2750	2668	2506	4081	2306	3	0	1	203	178	1639	22	170	0	
19:44:53	2956	2662	3000	185	0	0	0	0	0	0	0	2962	2750	2668	2506	4081	2306	3	0	1	203	178	656	1005	170	0	
19:44:54	2956	2662	3000	183	0	0	0	0	0	0	0	2962	2750	2668	2506	4081	2306	3	0	1	203	178	1975	314	171	0	
19:44:55	2956	2668	3000	183	0	0	0	0	0	0	0	2962	2750	2668	2506	4081	2306	3	0	1	203	178	1632	29	171	0	
19:44:56	2956	2662	3000	183	0	0	0	0	0	0	0	2962	2750	2668	2506	4081	2306	3	0	1	203	178	1851	190	172	0	
19:44:57	2956	2662	3000	183	0	0	0	0	0	0	0	2962	2750	2668	2506	4081	2306	3	0	1	203	178	1597	64	172	0	
19:44:58	2956	2662	3000	184	0	0	0	0	0	0	0	2962	2750	2668	2506	4081	2306	3	0	1	203	178	0	1661	172	1	
19:44:59	2956	2662	3000	183	0	0	0	0	0	0	0	2962	2750	2668	2506	4081	2306	3	0	1	203	178	1689	28	173	0	
19:45:00	2956	2662	3000	183	0	0	0	0	0	0	0	2962	2750	2668	2506	4081	2306	3	0	1	203	178	1696	35	174	0	
19:45:01	2956	2662	3000	184	0	0	0	0	0	0	0	2962	2750	2668	2506	4081	2306	3	0	1	203	178	1533	128	174	0	
19:45:02	2956	2662	3000	182	0	0	0	0	0	0	0	2962	2750	2668	2506	4081	2306	3	0	1	203	178	1487	174	174	0	
19:45:03	2956	2662	3000	184	0	0	0	0	0	0	0	2962	2750	2668	2506	4081	2306	3	0	1	203	178	1639	22	174	0	
19:45:05	2956	2662	3000	184	0	0	0	0	0	0	0	2962	2750	2668	2506	4081	2306	3	0	1	203	178	958	703	174	0	
19:45:06	2956	2662	3000	184	0	0	0	0	0	0	0	2962	2750	2668	2506	4081	2306	3	0	1	203	178	1345	316	174	0	
19:45:07	2956	2662	3000	183	0	0	0	0	0	0	0	2962	2750	2668	2506	4081	2306	3	0	1	203	178	1611	50	177	0	
19:45:08	2956	2662	3000	184	0	0	0	0	0	0	0	2962	2750	2668	2506	4081	2306	3	0	1	203	178	1722	61	177	0	
19:45:09	2956	2662	2993	182	0	0	0	0	0	0	0	2962	2750	2668	2506	4081	2306	3	0	1	203	178	1689	28	177	0	
19:45:10	2956	2662	2993	185	0	0	0	0	0	0	0	2962	2750	2668	2506	4081	2306	3	0	1	203	178	1844	183	178	0	
19:45:11	2950	2662	2993	184	0	0	0	0	0	0	0	2962	2750	2668	2506	4081	2306	3	0	1	203	178	1653	8	179	0	
19:45:12	2956	2662	2993	184	0	0	0	0	0	0	0	2962	2750	2668	2506	4081	2306	3	0	1	203	178	1588	73	179	0	
19:45:13	2956	2668	2993	184	0	0	0	0	0	0	0	2962	2750	2668	2506	4081	2306	3	0	1	203	178	0	1661	180	1	
19:45:14	2956	2668	2993	183	0	0	0	0	0	0	0	2962	2750	2668	2506	4081	2306	3	0	1	203	178	1620	41	182	0	
19:45:15	2956	2662	2993	183	0	0	0	0	0	0	0	2962	2750	2668	2506	4081	2306	3	0	1	203	178	1680	19	183	0	
19:45:16	2956	2662	2993	184	0	0	0	0	0	0	0	2962	2750	2668	2506	4081	2306	3	0	1	203	178	1781	120	184	0	
19:45:17	2956	2662	2993	183	0	0	0	0	0	0	0	2962	2750	2668	2506	4081	2306	3	0	1	203	178	0	1661	185	1	
19:45:18	2956	2662	2993	184	0	0	0	0	0	0	0	2962	2750	2668	2506	4081	2306	3	0	1	203	178	1535	126	186	0	
19:45:19	2956	2662	2993	183	0	0	0	0	0	0	0	2962	2750	2668	2506	4081	2306	3	0	1	203	178	1647	14	187	0	
19:45:20	2956	2662	2993	184	0	0	0	0	0	0	0	2962	2750	2668	2506	4081	2306	3	0	1	203	178	0	1661	187	1	
19:45:21	2956	2662	2993	184	0	0	0	0	0	0	0	2962	2750	2668	2506	4081	2306	3	0	1	203	178	1839	178	188	0	
19:45:22	2956	2668	2987	184	0	0	0	0	0	0	0	2962	2750	2668	2506	4081	2306	3	0	1	203	178	1616	45	188	0	
19:45:23	2956	2662	2987	184	0	0	0	0	0	0	0	2962	2750	2668	2506	4081	2306	3	0	1	203	178	1669	8	189	0	
19:45:24	2956	2662	2987	184	0	0	0	0	0	0	0	2962	2750	2668	2506	4081	2306	3	0	1	203	178	1789	128	190	0	
19:45:25	2956	2662	2987	183	0	0	0	0	0	0	0	2962	2750	2668	2506	4081	2306	3	0	1	203	178	1608	53	192	0	
19:45:26	2956	2662	2987	184	0	0	0	0	0	0	0	2962	2750	2668	2506	4081	2306	3	0	1	203	178	1589	72	193	0	
19:45:27	2956	2662	2987	184	0	0	0	0	0	0	0	2962	2750	2668	2506	4081	2306	3	0	1	203	178	0	1661	193	1	
19:45:28	2956	2662	2987	184	0	0	0	0	0	0	0	2962	2750	2668	2506	4081	2306	3	0	1	203	178	1575	86	194	0	
19:45:30	2950	2662	2987	184	0	0	0	0	0	0	0	2962	2750	2668	2506	4081	2306	3	0	1	203	178	1621	40	196	0	
19:45:31	2956	2662	2987	183	0	0	0	0	0	0	0	2962	2750	2668	2506	4081	2306	3	0	1	203	178	2430	769	196	0	
19:45:32	2956	2662	2987	183	0	0	0	0	0	0	0	2962	2750	2668	2506	4081	2306	3	0	1	203	178	1668	7	196	0	
19:45:33	2956	2662	2987	183	0	0	0	0	0	0	0	2962	2750	2668	2506	4081	2306	3	0	1	203	178	1700	39	197	0	
19:45:34	2956	2668	2987	183	0	0	0	0	0	0	0	2962	2750	2668	2506	4081	2306	3	0	1	203	178	1601	60	197	0	
19:45:35	2956	2662	2987	183	0	0	0	0	0	0	0	2962	2750	2668	2506	4081	2306	3	0	1	203	178	1706	45	198	0	
19:45:36	2956	2668	2987	183	0	0	0	0	0	0	0	2962	2750	2668	2506	4081	2306	3	0	1	203	178	1831	170	198	0	
19:45:37	2956	2662	2987	183	0	0	0	0	0	0	0	2962	2750	2668	2506	4081	2306	3	0	1	203	178	2635	974	201	0	
19:45:38	2956	2662	2987	184	0	0	0	0	0	0	0	2962	2750	2668	2506	4081	2306	3	0	1	203	178	1646	15	202	0	
19:45:39	2956	2662	2987	183	0	0	0	0	0	0	0	2962	2750	2668	2506	4081	2306	3	0	1	203	178	0	1661	203	1	
19:45:40	2956	2668	2981	184	0	0	0	0	0	0	0	2962	2750	2668	2506	4081	2306	3	0	1	203	178	1869	208	203	0	
19:45:41	2956	2662	2987	183	0	0	0	0	0	0	0	2962	2750	2668	2506	4081	2306	3	0	1	203	178	1825	164	204	0	
19:45:42	2956	2662	2981	183	0	0	0	0	0	0	0	2962	2750	2668	2506	4081	2306	3	0	1	203	178	1705	44	205	0	
19:45:43	2956	2662	2981	184	0	0	0	0	0	0	0	2962	2750	2668	2506	4081	2306	3	0	1	203	178	1679	18	205	0	
19:45:44	2956	2668	2981	183	0	0	0	0	0	0	0	2962	2750	2668	2506	4081	2306	3	0	1	203	178	1581	80	205	0	
CZAS	TEMP_SONDA	TEMP_POMIESZCZENIE	TEMP_ESP32	REG_VL	REG_Alarm_1	REG_Alarm_2	REG_Alarm_3	REG_HMI_D1_ERROR	REG_HMI_D2_ERROR	pusty	REG_HMI_D3_ERROR	REG_MaxDS_1	REG_MinDS_1	REG_MaxDS_2	REG_MinDS_2	REG_MaxDS_3	REG_MinDS_3	REG_IleCzujnikow	REG_Alarm_VL	REG_IleDetali	REG_VLMaxPomiar	REG_VLMinPomiar	REG_MaxAnalowgowyOdczyt	REG_MaxOdczytFiltr	REG_PrzekroczenieWartosc	REG_MaxAlarm
21:19:38	2821	9832	0	0	0	0	0	0	0	0	0	0	0	0	0	0	0	0	0	0	
21:19:39	2820	9832	0	0	0	0	0	0	0	0	0	0	0	0	0	0	0	0	0	0	
21:19:40	2819	9833	0	0	0	0	0	0	0	0	0	0	0	0	0	0	0	0	0	0	
21:19:41	2818	9832	0	0	0	0	0	0	0	0	0	0	0	0	0	0	0	0	0	0	
21:19:42	2817	9832	0	0	0	0	0	0	0	0	0	0	0	0	0	0	0	0	0	0	
21:19:43	2816	9832	0	0	0	0	0	0	0	0	0	0	0	0	0	0	0	0	0	0	
21:19:44	2815	9832	0	0	0	0	0	0	0	0	0	0	0	0	0	0	0	0	0	0	
21:19:45	2815	9832	0	0	0	0	0	0	0	0	0	0	0	0	0	0	0	0	0	0	
21:19:46	2813	9832	0	0	0	0	0	0	0	0	0	0	0	0	0	0	0	0	0	0	
21:19:47	2813	9832	0	0	0	0	0	0	0	0	0	0	0	0	0	0	0	0	0	0	
